,fecha,SO2,NO2,CO,O3,PM10,PM2.5
0,2017-01-01,0.0068799999999999,0.0573999999999999,1.28,0.0114399999999999,98.48,74.12
1,2017-01-02,0.0075199999999999,0.0557199999999999,1.168,0.0409999999999999,169.32,119.96
2,2017-01-03,0.0077599999999999,0.0642,1.26,0.0302399999999999,154.08,108.8
3,2017-01-04,0.0077199999999999,0.0702799999999999,1.408,0.0297199999999999,87.08,57.72
4,2017-01-05,0.0063199999999999,0.0539599999999999,1.18,0.0240799999999999,71.48,46.36
5,2017-01-06,0.00596,0.05948,1.036,0.0264399999999999,47.28,31.96
6,2017-01-07,0.0061599999999999,0.06396,1.252,0.0136799999999999,82.88,60.16
7,2017-01-08,0.0053599999999999,0.0495599999999999,0.916,0.0289599999999999,52.24,36.68
8,2017-01-09,0.0076799999999999,0.0309199999999999,1.124,0.0354799999999999,98.36,81.04
9,2017-01-10,0.0055599999999999,0.0381199999999999,0.544,0.0317199999999999,46.96,34.76
10,2017-01-11,0.0059999999999999,0.0488799999999999,0.728,0.0281199999999999,41.24,22.16
11,2017-01-12,0.0058399999999999,0.0483199999999999,0.828,0.0316799999999999,44.08,27.28
12,2017-01-13,0.0049999999999999,0.0317999999999999,0.524,0.0298399999999999,57.6,21.2
13,2017-01-14,0.00472,0.01836,0.4708333333333334,0.0283599999999999,66.84,17.32
14,2017-01-15,0.0049599999999999,0.04412,0.7374999999999999,0.0267999999999999,39.08,22.56
15,2017-01-16,0.0068799999999999,0.06272,1.2083333333333333,0.0159599999999999,71.64,41.96
16,2017-01-17,0.0100399999999999,0.07808,1.6541666666666668,0.0066399999999999,101.76,68.56
17,2017-01-18,0.0087199999999999,0.0707599999999999,1.7041666666666666,0.0119999999999999,134.04,103.48
18,2017-01-19,0.0079599999999999,0.06884,1.4,0.0171199999999999,134.0,97.44
19,2017-01-20,0.0071599999999999,0.05916,0.868,0.0322799999999999,76.2,52.72
20,2017-01-21,0.0059999999999999,0.05864,1.02,0.0204799999999999,66.64,49.24
21,2017-01-22,0.0068399999999999,0.0226399999999999,0.6639999999999999,0.03292,149.29166666666666,46.04
22,2017-01-23,0.0061999999999999,0.0454799999999999,0.708,0.0302799999999999,62.25,46.68
23,2017-01-24,0.0061199999999999,0.0565199999999999,0.976,0.0283199999999999,57.08,42.48
24,2017-01-25,0.0067199999999999,0.07132,1.416,0.0258399999999999,76.48,55.96
25,2017-01-26,0.0082799999999999,0.07124,1.3875,0.0329199999999999,86.6,67.72
26,2017-01-27,0.0050399999999999,0.0305199999999999,0.9125,0.0381599999999999,221.04,72.0
27,2017-01-28,0.0049999999999999,0.0530799999999999,0.8541666666666666,0.0205999999999999,41.68,19.8
28,2017-01-29,0.0049999999999999,0.0481199999999999,0.9541666666666668,0.0185999999999999,37.64,23.04
29,2017-01-30,0.0055999999999999,0.0304399999999999,0.7291666666666666,0.0366799999999999,95.28,73.84
30,2017-01-31,0.0053599999999999,0.0510799999999999,0.908,0.0245599999999999,43.44,28.24
31,2017-02-01,0.0070799999999999,0.05984,1.1,0.0355199999999999,52.6,34.16
32,2017-02-02,0.0061999999999999,0.0564399999999999,0.8640000000000001,0.0330399999999999,49.84,29.32
33,2017-02-03,0.0086799999999999,0.07052,1.272,0.0373599999999999,96.4,68.08
34,2017-02-04,0.0062799999999999,0.07088,1.432,0.0104799999999999,125.12,94.2
35,2017-02-05,0.0059999999999999,0.0585599999999999,1.212,0.0360399999999999,117.92,89.88
36,2017-02-06,0.0054399999999999,0.0317999999999999,0.5920000000000001,0.0372,61.04,45.2
37,2017-02-07,0.0059199999999999,0.0539599999999999,0.892,0.0200799999999999,60.44,36.12
38,2017-02-08,0.0075599999999999,0.05932,1.172,0.0249999999999999,83.68,52.0
39,2017-02-09,0.0058799999999999,0.0252399999999999,0.528,0.03336,72.56,29.72
40,2017-02-10,0.0051999999999999,0.0228799999999999,0.476,0.0335999999999999,42.04,22.92
41,2017-02-11,0.0048399999999999,0.0325599999999999,0.532,0.0336399999999999,39.48,23.76
42,2017-02-12,0.0068399999999999,0.0521999999999999,0.868,0.0355199999999999,42.84,27.72
43,2017-02-13,0.0079599999999999,0.06652,1.3119999999999998,0.0212799999999999,62.32,42.84
44,2017-02-14,0.0076399999999999,0.05916,0.952,0.03736,68.24,42.36
45,2017-02-15,0.0121599999999999,0.08324,1.524,0.0239199999999999,93.08,65.64
46,2017-02-16,0.0091999999999999,0.0827199999999999,1.808,0.0338799999999999,100.52,73.8
47,2017-02-17,0.0046,0.0250799999999999,0.5720000000000001,0.0365199999999999,82.28,29.48
48,2017-02-18,0.0055999999999999,0.04044,0.684,0.0384799999999999,44.92,29.72
49,2017-02-19,0.0057999999999999,0.0481599999999999,0.8640000000000001,0.0351599999999999,59.44,36.84
50,2017-02-20,0.0047199999999999,0.0361199999999999,0.64,0.0399999999999999,88.4,32.64
51,2017-02-21,0.0077999999999999,0.0711199999999999,1.108,0.0331199999999999,80.64,52.88
52,2017-02-22,0.0057999999999999,0.0617199999999999,1.0759999999999998,0.0275199999999999,62.08,45.12
53,2017-02-23,0.0050799999999999,0.0278799999999999,0.616,0.0406399999999999,54.04,38.92
54,2017-02-24,0.0071999999999999,0.05488,0.7559999999999999,0.0364399999999999,45.92,31.28
55,2017-02-25,0.0078799999999999,0.0577199999999999,1.116,0.0367999999999999,73.64,51.36
56,2017-02-26,0.0069999999999999,0.0501599999999999,1.0,0.0419999999999999,74.36,51.56
57,2017-02-27,0.0063999999999999,0.0617999999999999,1.124,0.0397599999999999,59.48,36.76
58,2017-02-28,0.0093199999999999,0.06764,1.064,0.0436399999999999,59.48,39.8
59,2017-03-01,0.0092799999999999,0.0662,0.992,0.05104,81.48,59.68
60,2017-03-02,0.0046399999999999,0.0330399999999999,0.572,0.0446249999999999,57.96,47.4
61,2017-03-03,0.0071199999999999,0.0616399999999999,0.884,0.0409199999999999,62.84,35.8
62,2017-03-04,0.0075999999999999,0.06364,1.128,0.0329199999999999,73.2,48.44
63,2017-03-05,0.0058399999999999,0.0596,0.996,0.0555599999999999,94.16,70.72
64,2017-03-06,0.0051999999999999,0.0281999999999999,0.556,0.0414166666666666,67.88,54.44
65,2017-03-07,0.0046399999999999,0.0252399999999999,0.4639999999999999,0.0406799999999999,44.16,27.92
66,2017-03-08,0.0056249999999999,0.0503199999999999,0.68,0.0391599999999999,67.64,33.0
67,2017-03-09,0.0071666666666666,0.0578799999999999,0.7879999999999999,0.0417599999999999,62.28,29.04
68,2017-03-10,0.0069166666666666,0.0658,0.8759999999999999,0.0457199999999999,59.88,36.8
69,2017-03-11,0.0118399999999999,0.0847199999999999,1.1,0.0538333333333333,101.08,73.56
70,2017-03-12,0.0103999999999999,0.0856799999999999,1.244,0.0719583333333333,122.32,90.04
71,2017-03-13,0.0050799999999999,0.0405599999999999,0.6639999999999999,0.0487199999999999,88.92,69.8
72,2017-03-14,0.0056799999999999,0.0438,0.6679999999999999,0.0484399999999999,61.56,39.4
73,2017-03-15,0.0054799999999999,0.0609199999999999,0.696,0.04356,57.08,37.56
74,2017-03-16,0.0077999999999999,0.06976,0.98,0.0551599999999999,89.04,64.4
75,2017-03-17,0.0075199999999999,0.07928,1.044,0.0567199999999999,109.48,81.76
76,2017-03-18,0.0146399999999999,0.0834,1.016,0.06284,121.16,88.36
77,2017-03-19,0.0070399999999999,0.07048,1.028,0.06416,102.48,74.6
78,2017-03-20,0.0098,0.08596,1.144,0.0257199999999999,158.88,128.04
79,2017-03-21,0.0111599999999999,0.06688,0.908,0.0510399999999999,158.08,121.68
80,2017-03-22,0.0068749999999999,0.0615416666666666,0.7958333333333334,0.0514999999999999,69.95833333333333,41.29166666666666
81,2017-03-23,0.0077999999999999,0.06812,0.888,0.05932,100.70833333333331,60.66666666666666
82,2017-03-24,0.0061599999999999,0.06768,0.772,0.0380799999999999,89.25,56.458333333333336
83,2017-03-25,0.0080799999999999,0.06828,0.852,0.05012,97.95833333333331,65.375
84,2017-03-26,0.0089599999999999,0.0507999999999999,0.6679999999999999,0.0537599999999999,84.25,60.29166666666666
85,2017-03-27,0.0063599999999999,0.0599599999999999,1.112,0.0521199999999999,97.92,74.56
86,2017-03-28,0.0071599999999999,0.06312,0.948,0.0532799999999999,108.68,78.56
87,2017-03-29,0.0062399999999999,0.0605599999999999,0.848,0.0614399999999999,77.48,58.28
88,2017-03-30,0.0059999999999999,0.0673999999999999,0.9,0.06488,92.64,59.2
89,2017-03-31,0.0060799999999999,0.06048,0.8,0.0354799999999999,99.48,69.52
90,2017-04-01,0.0044799999999999,0.0418799999999999,0.632,0.0511599999999999,45.0,30.24
91,2017-04-02,0.0066399999999999,0.0509199999999999,0.7040000000000001,0.0652,79.68,57.2
92,2017-04-03,0.0082399999999999,0.07472,0.8759999999999999,0.0652799999999999,101.84,74.12
93,2017-04-04,0.0082799999999999,0.07824,1.048,0.07488,93.52,63.12
94,2017-04-05,0.0117999999999999,0.07488,0.8,0.0411999999999999,88.76,57.76
95,2017-04-06,0.0045199999999999,0.0480799999999999,0.608,0.0384799999999999,43.64,31.48
96,2017-04-07,0.0054399999999999,0.06528,0.7239999999999999,0.0426799999999999,76.6,47.44
97,2017-04-08,0.0061599999999999,0.0593599999999999,0.7759999999999999,0.0513599999999999,83.04,57.84
98,2017-04-09,0.0045599999999999,0.03752,0.752,0.0498799999999999,78.96,50.76
99,2017-04-10,0.0050799999999999,0.0622799999999999,0.604,0.0507199999999999,44.8,27.52
100,2017-04-11,0.0065199999999999,0.0568399999999999,0.616,0.06308,102.2,38.04
101,2017-04-12,0.0052799999999999,0.0393199999999999,0.408,0.0508,81.24,19.64
102,2017-04-13,0.0083999999999999,0.0456799999999999,0.732,0.0617199999999999,99.76,57.88
103,2017-04-14,0.0078399999999999,0.0537199999999999,0.7,0.0641599999999999,79.84,41.92
104,2017-04-15,0.0077999999999999,0.04844,0.6666666666666666,0.07236,86.12,42.36
105,2017-04-16,0.0077599999999999,0.07508,0.975,0.07056,77.56,44.24
106,2017-04-17,0.0081599999999999,0.07088,0.904,0.0469999999999999,78.88,42.68
107,2017-04-18,0.0054799999999999,0.0442799999999999,0.604,0.0450799999999999,69.0,34.24
108,2017-04-19,0.0050799999999999,0.0423199999999999,0.4679999999999999,0.0502399999999999,143.92,26.52
109,2017-04-20,0.0069199999999999,0.0484799999999999,0.5479999999999999,0.05196,123.24,29.48
110,2017-04-21,0.0066399999999999,0.0579599999999999,0.696,0.0552799999999999,97.84,35.44
111,2017-04-22,0.0059199999999999,0.0565999999999999,0.748,0.05916,88.48,38.56
112,2017-04-23,0.0071999999999999,0.04816,0.64,0.07392,71.76,34.72
113,2017-04-24,0.0060399999999999,0.0562,0.652,0.07008,60.12,26.4
114,2017-04-25,0.0067999999999999,0.0552399999999999,0.6,0.069,94.88,53.84
115,2017-04-26,0.0047599999999999,0.0352399999999999,0.504,0.0512,72.8,38.08
116,2017-04-27,0.0069199999999999,0.0431999999999999,0.624,0.0601599999999999,72.12,25.68
117,2017-04-28,0.0088399999999999,0.0431999999999999,0.736,0.05928,92.72,34.8
118,2017-04-29,0.0095199999999999,0.0468399999999999,0.78,0.0732799999999999,87.48,46.6
119,2017-04-30,0.01004,0.0345199999999999,0.812,0.09008,113.2,61.72
120,2017-05-01,0.0078799999999999,0.05472,0.8079999999999999,0.1012799999999999,124.24,71.72
121,2017-05-02,0.0089599999999999,0.06624,0.868,0.0828799999999999,136.04,75.12
122,2017-05-03,0.0070799999999999,0.0622399999999999,0.74,0.1214,95.72,46.84
123,2017-05-04,0.0077599999999999,0.0617199999999999,0.684,0.074,80.76,40.88
124,2017-05-05,0.0067599999999999,0.0331599999999999,0.472,0.0663199999999999,188.52,42.08
125,2017-05-06,0.0072799999999999,0.0313199999999999,0.436,0.0564799999999999,330.4,41.72
126,2017-05-07,0.0081599999999999,0.0327199999999999,0.4639999999999999,0.0624799999999999,148.0,24.0
127,2017-05-08,0.0110399999999999,0.0583199999999999,0.684,0.07612,272.24,62.16
128,2017-05-09,0.0094399999999999,0.0578799999999999,0.664,0.0596,182.4,42.08
129,2017-05-10,0.0057999999999999,0.0349599999999999,0.52,0.0489199999999999,69.36,31.24
130,2017-05-11,0.0087999999999999,0.0601599999999999,0.8079999999999999,0.0779599999999999,109.96,64.28
131,2017-05-12,0.0083199999999999,0.05792,0.912,0.05656,106.72,64.28
132,2017-05-13,0.0066799999999999,0.0425999999999999,0.62,0.0600399999999999,73.12,38.48
133,2017-05-14,0.0062399999999999,0.0281599999999999,0.408,0.0531199999999999,74.8,25.12
134,2017-05-15,0.0056399999999999,0.0347599999999999,0.408,0.0451999999999999,76.64,17.76
135,2017-05-16,0.0085416666666666,0.0438749999999999,0.475,0.0529999999999999,45.708333333333336,22.625
136,2017-05-17,0.0101999999999999,0.0518,0.608,0.0735199999999999,56.76,28.0
137,2017-05-18,0.0087199999999999,0.05652,0.628,0.0865199999999999,68.12,39.24
138,2017-05-19,0.0087199999999999,0.0529599999999999,0.608,0.06888,61.08,37.08
139,2017-05-20,0.0098799999999999,0.0508799999999999,0.584,0.074,53.64,30.76
140,2017-05-21,0.0064399999999999,0.0371599999999999,0.504,0.06556,43.52,28.8
141,2017-05-22,0.0065199999999999,0.0397599999999999,0.504,0.0736399999999999,72.24,40.2
142,2017-05-23,0.0079199999999999,0.0425599999999999,0.528,0.0463199999999999,49.68,28.68
143,2017-05-24,0.0047199999999999,0.0539999999999999,0.584,0.0577199999999999,39.48,24.32
144,2017-05-25,0.0073999999999999,0.0527999999999999,0.588,0.0672,59.52,24.48
145,2017-05-26,0.0056799999999999,0.0412399999999999,0.472,0.05176,40.24,16.8
146,2017-05-27,0.0062399999999999,0.0455599999999999,0.5,0.06604,43.92,20.48
147,2017-05-28,0.0075199999999999,0.0451599999999999,0.544,0.08068,78.92,39.5
148,2017-05-29,0.0089199999999999,0.0383199999999999,0.652,0.1007199999999999,94.2,52.32
149,2017-05-30,0.0095999999999999,0.06164,0.592,0.0708,76.32,39.68
150,2017-05-31,0.0081199999999999,0.0531599999999999,0.58,0.0808,60.24,33.0
151,2017-06-01,0.00436,0.0259999999999999,0.416,0.0541999999999999,61.84,26.2
152,2017-06-02,0.0043999999999999,0.0288799999999999,0.3879999999999999,0.0550799999999999,47.76,17.32
153,2017-06-03,0.0047599999999999,0.0360799999999999,0.468,0.0546399999999999,43.8,17.68
154,2017-06-04,0.0044399999999999,0.0351999999999999,0.472,0.06368,40.32,17.2
155,2017-06-05,0.0050799999999999,0.0575199999999999,0.512,0.084,44.04,22.2
156,2017-06-06,0.00464,0.0279999999999999,0.412,0.0487199999999999,32.84,15.8
157,2017-06-07,0.0041199999999999,0.0403999999999999,0.5760000000000001,0.0413599999999999,32.88,20.36
158,2017-06-08,0.0059999999999999,0.0350799999999999,0.7959999999999999,0.0800799999999999,69.56,43.12
159,2017-06-09,0.0066799999999999,0.0358399999999999,0.716,0.0768,81.4,51.8
160,2017-06-10,0.0050799999999999,0.0433599999999999,0.624,0.07736,91.12,57.64
161,2017-06-11,0.0044799999999999,0.0420399999999999,0.524,0.0621599999999999,43.28,15.4
162,2017-06-12,0.0050399999999999,0.0337999999999999,0.4679999999999999,0.0711199999999999,55.72,26.32
163,2017-06-13,0.0046399999999999,0.0321199999999999,0.46,0.0572799999999999,49.96,24.04
164,2017-06-14,0.0051199999999999,0.0322399999999999,0.46,0.07076,57.36,29.72
165,2017-06-15,0.0068799999999999,0.0335999999999999,0.54,0.07252,69.64,35.4
166,2017-06-16,0.0081999999999999,0.04228,0.7,0.13484,116.4,69.48
167,2017-06-17,0.0101999999999999,0.0358,0.66,0.1146399999999999,77.32,45.56
168,2017-06-18,0.0087199999999999,0.0374799999999999,0.536,0.0890399999999999,59.6,36.48
169,2017-06-19,0.0074399999999999,0.0564,0.58,0.08284,78.52,45.36
170,2017-06-20,0.0061199999999999,0.0547999999999999,0.604,0.0995199999999999,81.44,44.88
171,2017-06-21,0.0064799999999999,0.0377599999999999,0.492,0.07472,78.96,42.32
172,2017-06-22,0.0052799999999999,0.0362799999999999,0.416,0.0763999999999999,54.28,31.92
173,2017-06-23,0.0062799999999999,0.0509999999999999,0.5479999999999999,0.1066399999999999,71.76,38.68
174,2017-06-24,0.0090399999999999,0.06052,0.632,0.0363999999999999,59.92,32.2
175,2017-06-25,0.0047916666666666,0.0435199999999999,0.6,0.0799599999999999,51.16,32.32
176,2017-06-26,0.0042916666666666,0.0516399999999999,0.608,0.0684399999999999,37.04,24.28
177,2017-06-27,0.0052399999999999,0.0407999999999999,0.532,0.0706799999999999,53.56,36.0
178,2017-06-28,0.0066799999999999,0.0406399999999999,0.556,0.0919599999999999,68.16,45.88
179,2017-06-29,0.0075199999999999,0.0393199999999999,0.616,0.10144,78.08,53.48
180,2017-06-30,0.0048799999999999,0.0368399999999999,0.584,0.0735199999999999,74.08,49.4
181,2017-07-01,0.0059199999999999,0.0337999999999999,0.64,0.0824,73.76,52.28
182,2017-07-02,0.0045599999999999,0.0252399999999999,0.4039999999999999,0.0280799999999999,39.6,27.84
183,2017-07-03,0.0045999999999999,0.0277599999999999,0.432,0.0384166666666666,39.91666666666666,28.76
184,2017-07-04,0.0060799999999999,0.0334399999999999,0.5,0.07148,50.75,35.96
185,2017-07-05,0.0073199999999999,0.0454399999999999,0.572,0.1101666666666666,61.41666666666666,44.32
186,2017-07-06,0.0066399999999999,0.0556799999999999,0.696,0.11164,70.92,51.2
187,2017-07-07,0.0048799999999999,0.0349199999999999,0.5319999999999999,0.0263199999999999,40.28,24.32
188,2017-07-08,0.0052799999999999,0.0258399999999999,0.4639999999999999,0.0347999999999999,45.36,31.8
189,2017-07-09,0.0049199999999999,0.0390399999999999,0.556,0.0467999999999999,44.72,33.6
190,2017-07-10,0.0042499999999999,0.0362399999999999,0.516,0.0247999999999999,26.32,17.8
191,2017-07-11,0.0046666666666666,0.0343199999999999,0.54,0.08308,96.2,60.24
192,2017-07-12,0.0048749999999999,0.0362399999999999,0.5920000000000001,0.07748,86.0,52.0
193,2017-07-13,0.0061666666666666,0.0440399999999999,0.616,0.09984,75.96,53.84
194,2017-07-14,0.0071599999999999,0.04216,0.696,0.0831599999999999,68.04,48.76
195,2017-07-15,0.0048399999999999,0.0299999999999999,0.4679999999999999,0.0347199999999999,35.72,24.08
196,2017-07-16,0.0056399999999999,0.0269599999999999,0.488,0.0437199999999999,30.76,22.04
197,2017-07-17,0.0048799999999999,0.03344,0.488,0.0393199999999999,33.12,22.4
198,2017-07-18,0.0053199999999999,0.0414799999999999,0.528,0.06304,40.08,29.56
199,2017-07-19,0.0054399999999999,0.0422399999999999,0.6,0.0909999999999999,58.96,42.28
200,2017-07-20,0.0084799999999999,0.0419999999999999,0.6679999999999999,0.0942,67.52,52.88
201,2017-07-21,0.0071199999999999,0.0374399999999999,0.652,0.0788,74.84,56.16
202,2017-07-22,0.0075199999999999,0.0330799999999999,0.628,0.0693599999999999,72.8,54.52
203,2017-07-23,0.0058399999999999,0.0316399999999999,0.6,0.0452916666666666,76.52,51.68
204,2017-07-24,0.0045599999999999,0.0502399999999999,0.7759999999999999,0.0323333333333333,46.36,31.08
205,2017-07-25,0.0040799999999999,0.0362799999999999,0.66,0.0481999999999999,45.0,25.32
206,2017-07-26,0.0044399999999999,0.0361199999999999,0.456,0.0755199999999999,32.68,20.4
207,2017-07-27,0.0046799999999999,0.0541999999999999,0.568,0.0519199999999999,51.84,34.04
208,2017-07-28,0.0043199999999999,0.04124,0.6559999999999999,0.0253999999999999,50.12,32.6
209,2017-07-29,0.00408,0.0258399999999999,0.524,0.0454583333333333,27.12,15.64
210,2017-07-30,0.0043599999999999,0.0335999999999999,0.516,0.07425,36.96,26.4
211,2017-07-31,0.0044399999999999,0.0409999999999999,0.648,0.0213999999999999,38.72,25.64
212,2017-08-01,0.0050399999999999,0.0459599999999999,0.62,0.0638799999999999,41.4,28.08
213,2017-08-02,0.0044799999999999,0.0503599999999999,0.66,0.0831599999999999,49.2,34.12
214,2017-08-03,0.0046399999999999,0.0397599999999999,0.584,0.076,42.08,27.04
215,2017-08-04,0.0045599999999999,0.0362799999999999,0.508,0.0919199999999999,47.28,33.12
216,2017-08-05,0.0046799999999999,0.03956,0.556,0.0914399999999999,43.0,30.72
217,2017-08-06,0.0051599999999999,0.0337199999999999,0.524,0.06488,47.32,36.48
218,2017-08-07,0.0046799999999999,0.0268799999999999,0.476,0.0820399999999999,46.08,32.72
219,2017-08-08,0.0066399999999999,0.04,0.688,0.0804799999999999,58.72,42.16
220,2017-08-09,0.00528,0.0362799999999999,0.596,0.06236,50.4,36.333333333333336
221,2017-08-10,0.0039599999999999,0.0277599999999999,0.468,0.0418799999999999,16.16,9.8
222,2017-08-11,0.0041599999999999,0.0445999999999999,0.488,0.0475999999999999,25.52,16.0
223,2017-08-12,0.0041199999999999,0.0327599999999999,0.452,0.0489999999999999,21.28,11.76
224,2017-08-13,0.0040799999999999,0.0188399999999999,0.38,0.0336399999999999,15.48,9.52
225,2017-08-14,0.0040399999999999,0.0197199999999999,0.372,0.0175199999999999,15.0,7.8
226,2017-08-15,0.0037999999999999,0.0175999999999999,0.376,0.0149999999999999,11.68,7.04
227,2017-08-16,0.0040399999999999,0.0219199999999999,0.376,0.0189599999999999,13.36,7.72
228,2017-08-17,0.0042799999999999,0.0438,0.6,0.0280799999999999,26.44,16.04
229,2017-08-18,0.0073599999999999,0.0532799999999999,0.652,0.0627999999999999,41.04,30.36
230,2017-08-19,0.0041599999999999,0.0424399999999999,0.608,0.04568,36.96,24.36
231,2017-08-20,0.0037999999999999,0.0235599999999999,0.48,0.0380799999999999,23.0,14.4
232,2017-08-21,0.00552,0.0304399999999999,0.4833333333333333,0.0355599999999999,23.36,15.0
233,2017-08-22,0.0081999999999999,0.0386399999999999,0.52,0.0482399999999999,26.8,16.88
234,2017-08-23,0.0065599999999999,0.0336399999999999,0.612,0.0173999999999999,29.12,17.88
235,2017-08-24,0.0051199999999999,0.0322799999999999,0.632,0.0304799999999999,32.76,16.12
236,2017-08-25,0.0086399999999999,0.0407083333333333,0.7,0.0551599999999999,36.6,20.6
237,2017-08-26,0.0070399999999999,0.03925,0.6,0.0488399999999999,36.6,21.12
238,2017-08-27,0.0049599999999999,0.0402083333333333,0.552,0.0375599999999999,33.44,19.88
239,2017-08-28,0.0066399999999999,0.0510416666666666,0.648,0.03716,46.92,26.6
240,2017-08-29,0.0041599999999999,0.0214166666666666,0.4,0.0390399999999999,26.36,13.24
241,2017-08-30,0.0081199999999999,0.0489166666666666,0.612,0.0313199999999999,39.28,20.04
242,2017-08-31,0.0047599999999999,0.0456399999999999,0.68,0.0712,47.4,28.64
243,2017-09-01,0.0041999999999999,0.0388399999999999,0.604,0.06724,37.76,23.6
244,2017-09-02,0.0097199999999999,0.0409199999999999,0.584,0.0696,48.72,31.8
245,2017-09-03,0.0107199999999999,0.0387599999999999,0.608,0.07844,52.8,37.16
246,2017-09-04,0.0055199999999999,0.0538,0.632,0.0611599999999999,46.16,33.8
247,2017-09-05,0.0045999999999999,0.0473199999999999,0.596,0.0196799999999999,35.2,19.92
248,2017-09-06,0.0062399999999999,0.0520399999999999,0.696,0.03204,42.6,26.36
249,2017-09-07,0.0072399999999999,0.0413599999999999,0.8960000000000001,0.06348,67.44,48.92
250,2017-09-08,0.0081666666666666,0.0549999999999999,0.94,0.07136,73.92,53.52
251,2017-09-09,0.0082083333333333,0.0529599999999999,0.8440000000000001,0.08736,83.8,61.28
252,2017-09-10,0.0045833333333333,0.0493199999999999,0.7879999999999999,0.0559599999999999,62.36,44.44
253,2017-09-11,0.0039199999999999,0.0401599999999999,0.648,0.0447199999999999,47.52,36.28
254,2017-09-12,0.0059999999999999,0.0404799999999999,0.6759999999999999,0.0599599999999999,42.96,27.52
255,2017-09-13,0.0056399999999999,0.04484,0.584,0.0545599999999999,33.8,17.16
256,2017-09-14,0.0047999999999999,0.0457599999999999,0.584,0.06856,35.92,18.48
257,2017-09-15,0.0039999999999999,0.0269999999999999,0.4,0.04124,23.08,13.96
258,2017-09-16,0.0039999999999999,0.0223999999999999,0.356,0.0330799999999999,16.76,9.12
259,2017-09-17,0.0037599999999999,0.0197599999999999,0.336,0.0394799999999999,15.76,9.32
260,2017-09-18,0.0050799999999999,0.0342399999999999,0.516,0.05076,33.4,18.8
261,2017-09-19,0.0060399999999999,0.0377999999999999,0.908,0.0758,106.92,70.28
262,2017-09-20,0.0047999999999999,0.0437599999999999,0.648,0.0528,59.16,37.2
263,2017-09-21,0.0055999999999999,0.06608,0.7120000000000001,0.0613199999999999,48.4,28.96
264,2017-09-22,0.0067199999999999,0.05944,0.684,0.0807999999999999,44.04,29.28
265,2017-09-23,0.0065599999999999,0.0471999999999999,0.6920000000000001,0.0625999999999999,90.44,34.52
266,2017-09-24,0.0053199999999999,0.0401999999999999,0.7040000000000001,0.07708,80.28,55.16
267,2017-09-25,0.00448,0.06492,0.8,0.06472,56.72,33.16
268,2017-09-26,0.0049999999999999,0.06348,0.708,0.07496,71.48,40.92
269,2017-09-27,0.0058799999999999,0.0602799999999999,0.7559999999999999,0.0522799999999999,71.64,46.04
270,2017-09-28,0.0051199999999999,0.0241199999999999,0.496,0.0475999999999999,48.88,16.08
271,2017-09-29,0.0064399999999999,0.0418799999999999,0.5479999999999999,0.0401599999999999,32.8,14.64
272,2017-09-30,0.0064799999999999,0.0558799999999999,0.804,0.0600399999999999,56.64,34.24
273,2017-10-01,0.0054799999999999,0.0474799999999999,0.772,0.0291199999999999,52.84,32.72
274,2017-10-02,0.0043599999999999,0.0310799999999999,0.496,0.04928,50.12,21.92
275,2017-10-03,0.0044799999999999,0.0186,0.42,0.0357199999999999,47.48,18.04
276,2017-10-04,0.00436,0.0275599999999999,0.396,0.04048,33.64,13.04
277,2017-10-05,0.0039599999999999,0.0295999999999999,0.444,0.0375199999999999,21.92,12.16
278,2017-10-06,0.0040799999999999,0.0201999999999999,0.38,0.0327199999999999,18.56,11.36
279,2017-10-07,0.0045999999999999,0.0425999999999999,0.62,0.03924,20.52,14.28
280,2017-10-08,0.0061999999999999,0.0419999999999999,0.6679999999999999,0.0569599999999999,30.32,23.24
281,2017-10-09,0.0081599999999999,0.0406799999999999,0.648,0.05692,33.541666666666664,24.0
282,2017-10-10,0.0063199999999999,0.0482799999999999,0.644,0.0285999999999999,40.24,25.56
283,2017-10-11,0.0039999999999999,0.0249199999999999,0.46,0.0307999999999999,25.84,17.48
284,2017-10-12,0.0043199999999999,0.0375999999999999,0.54,0.0257999999999999,33.0,19.12
285,2017-10-13,0.0045599999999999,0.0427599999999999,0.608,0.0369999999999999,36.8,20.96
286,2017-10-14,0.0045999999999999,0.0405199999999999,0.68,0.0448799999999999,31.68,18.4
287,2017-10-15,0.0045199999999999,0.0481999999999999,0.748,0.0460399999999999,31.6,18.64
288,2017-10-16,0.0047999999999999,0.0433999999999999,0.648,0.049,46.56,28.2
289,2017-10-17,0.0051599999999999,0.0659199999999999,0.8160000000000001,0.0426399999999999,53.76,32.0
290,2017-10-18,0.0044399999999999,0.0467599999999999,0.632,0.0327199999999999,39.24,24.2
291,2017-10-19,0.0044799999999999,0.0509599999999999,0.648,0.0429599999999999,30.44,17.76
292,2017-10-20,0.0049999999999999,0.0555999999999999,0.764,0.0433599999999999,49.08,27.6
293,2017-10-21,0.0049199999999999,0.0527199999999999,0.86,0.0495599999999999,55.083333333333336,31.04
294,2017-10-22,0.0044399999999999,0.0431999999999999,0.748,0.04348,44.54166666666666,25.6
295,2017-10-23,0.0045199999999999,0.0504399999999999,0.62,0.0412399999999999,37.92,18.52
296,2017-10-24,0.0050399999999999,0.0543999999999999,0.7440000000000001,0.0415999999999999,45.88,24.64
297,2017-10-25,0.0054399999999999,0.0583999999999999,0.8560000000000001,0.0516799999999999,54.28,31.36
298,2017-10-26,0.0053199999999999,0.0593599999999999,0.852,0.0295199999999999,65.125,38.64
299,2017-10-27,0.0057599999999999,0.0740799999999999,1.0958333333333334,0.0478399999999999,77.32,46.2
300,2017-10-28,0.0053999999999999,0.0676,1.0625,0.0546799999999999,62.76,37.72
301,2017-10-29,0.0050399999999999,0.0532399999999999,0.8791666666666668,0.0407999999999999,100.6,39.92
302,2017-10-30,0.0050399999999999,0.0433599999999999,0.6041666666666666,0.0368399999999999,47.84,22.04
303,2017-10-31,0.0067999999999999,0.0532799999999999,0.8125,0.0354799999999999,47.32,23.52
304,2017-11-01,0.0069999999999999,0.0517199999999999,0.6875,0.0423599999999999,50.68,27.64
305,2017-11-02,0.0070399999999999,0.0483999999999999,0.6708333333333334,0.0439599999999999,69.04,41.4
306,2017-11-03,0.0055599999999999,0.04172,0.7083333333333334,0.0402799999999999,52.04,36.48
307,2017-11-04,0.0046399999999999,0.03864,0.6416666666666667,0.0398399999999999,69.12,54.52
308,2017-11-05,0.0059999999999999,0.0550799999999999,0.9375,0.0340399999999999,52.8,39.68
309,2017-11-06,0.0062799999999999,0.0559999999999999,0.9208333333333334,0.0279199999999999,44.84,28.44
310,2017-11-07,0.0065199999999999,0.07044,1.0083333333333333,0.0191739130434782,62.36,37.24
311,2017-11-08,0.0071199999999999,0.0511199999999999,0.8240000000000001,0.043375,137.72,65.8
312,2017-11-09,0.0065599999999999,0.0715599999999999,1.18,0.0216399999999999,75.48,38.8
313,2017-11-10,0.0064799999999999,0.0650799999999999,1.056,0.0331199999999999,69.04,34.2
314,2017-11-11,0.0045599999999999,0.0421999999999999,0.628,0.0284166666666666,132.12,21.52
315,2017-11-12,0.0052799999999999,0.0498799999999999,0.836,0.0251666666666666,41.76,25.88
316,2017-11-13,0.0063599999999999,0.0539999999999999,0.8759999999999999,0.0225599999999999,69.96,40.4
317,2017-11-14,0.0061199999999999,0.0391599999999999,0.8079999999999999,0.0304999999999999,108.16,59.16
318,2017-11-15,0.0055199999999999,0.0375599999999999,0.584,0.0324399999999999,37.24,17.4
319,2017-11-16,0.0058799999999999,0.0505599999999999,0.784,0.0249999999999999,37.68,22.76
320,2017-11-17,0.0065599999999999,0.0557999999999999,1.024,0.0159199999999999,63.52,41.88
321,2017-11-18,0.0048399999999999,0.01992,0.6559999999999999,0.0276799999999999,81.2,65.8
322,2017-11-19,0.0055199999999999,0.0384799999999999,0.632,0.0320399999999999,34.24,18.2
323,2017-11-20,0.0060399999999999,0.0509599999999999,0.92,0.0247199999999999,59.72,37.28
324,2017-11-21,0.0067999999999999,0.06856,1.276,0.0143199999999999,71.28,45.96
325,2017-11-22,0.0067999999999999,0.0586399999999999,0.988,0.0331199999999999,154.4,55.6
326,2017-11-23,0.0063599999999999,0.0439199999999999,0.7559999999999999,0.0268399999999999,37.84,19.64
327,2017-11-24,0.0052399999999999,0.04364,0.784,0.0250799999999999,32.96,23.24
328,2017-11-25,0.0051999999999999,0.0627599999999999,1.204,0.0170399999999999,49.4,30.84
329,2017-11-26,0.0050399999999999,0.0551199999999999,1.096,0.0307199999999999,60.56,39.25
330,2017-11-27,0.0071199999999999,0.0696,1.284,0.0121599999999999,78.56,47.625
331,2017-11-28,0.00976,0.07436,1.436,0.0081199999999999,101.28,67.52
332,2017-11-29,0.0062499999999999,0.0608799999999999,1.16,0.0245199999999999,85.12,54.96
333,2017-11-30,0.0051249999999999,0.0311599999999999,0.496,0.0331599999999999,40.44,15.52
334,2017-12-01,0.0058399999999999,0.0509599999999999,0.7879999999999999,0.0261599999999999,37.72,23.16
335,2017-12-02,0.0069999999999999,0.0538399999999999,1.048,0.0183999999999999,54.96,35.88
336,2017-12-03,0.0057916666666666,0.0504799999999999,1.064,0.0127599999999999,80.72,57.4
337,2017-12-04,0.0059166666666666,0.04476,1.024,0.0291199999999999,101.4,68.8
338,2017-12-05,0.0054799999999999,0.0427999999999999,0.568,0.0275199999999999,32.16,19.44
339,2017-12-06,0.0055199999999999,0.0505599999999999,0.96,0.0147199999999999,45.0,34.2
340,2017-12-07,0.0055999999999999,0.0480399999999999,1.04,0.0252799999999999,69.2,53.56
341,2017-12-08,0.0058333333333333,0.04772,0.68,0.0261199999999999,42.44,30.24
342,2017-12-09,0.0065416666666666,0.0558399999999999,1.104,0.0121199999999999,53.36,36.0
343,2017-12-10,0.0062916666666666,0.0492799999999999,1.032,0.0293599999999999,76.12,49.28
344,2017-12-11,0.0045416666666666,0.02096,0.46,0.0240399999999999,91.24,16.72
345,2017-12-12,0.0056249999999999,0.0295999999999999,0.56,0.0224799999999999,44.12,26.6
346,2017-12-13,0.0058399999999999,0.0451199999999999,0.8,0.0212399999999999,47.0,27.64
347,2017-12-14,0.0063599999999999,0.05932,1.172,0.0097199999999999,79.56,59.32
348,2017-12-15,0.0087199999999999,0.0816,1.64,0.00356,116.08,82.36
349,2017-12-16,0.0064166666666666,0.0337083333333333,0.8208333333333333,0.0272083333333333,72.16666666666667,53.0
350,2017-12-17,0.0060833333333333,0.0455833333333333,0.773913043478261,0.0276249999999999,47.958333333333336,21.666666666666668
351,2017-12-18,0.0068333333333333,0.0666666666666666,1.4416666666666669,0.0157083333333333,90.25,64.41666666666667
352,2017-12-19,0.0058749999999999,0.0392608695652173,0.6833333333333332,0.0223749999999999,67.16666666666667,34.833333333333336
353,2017-12-20,0.0059166666666666,0.0507826086956521,0.9791666666666666,0.0105833333333333,58.66666666666666,40.125
354,2017-12-21,0.0068749999999999,0.0672608695652173,1.2125,0.0138333333333333,78.5,60.29166666666666
355,2017-12-22,0.0081666666666666,0.0683478260869565,1.3833333333333335,0.0115416666666666,80.875,61.625
356,2017-12-23,0.0093478260869565,0.0736818181818181,1.5521739130434784,0.0216521739130434,163.7826086956522,126.43478260869566
357,2017-12-24,0.0068260869565217,0.0649090909090909,1.4608695652173913,0.0307826086956521,142.08695652173913,110.43478260869566
358,2017-12-25,0.0067826086956521,0.0457272727272727,0.7478260869565218,0.0285652173913043,62.60869565217392,38.69565217391305
359,2017-12-26,0.0065217391304347,0.0439545454545454,0.7347826086956522,0.0273478260869564,42.34782608695652,24.782608695652176
360,2017-12-27,0.0066086956521738,0.0429999999999999,0.691304347826087,0.0238695652173912,36.69565217391305,20.82608695652174
361,2017-12-28,0.0069565217391303,0.0521304347826086,0.9652173913043478,0.014695652173913,70.26086956521739,47.60869565217392
362,2017-12-29,0.0103478260869565,0.0689565217391304,1.3304347826086955,0.0259999999999999,135.8695652173913,96.52173913043478
363,2017-12-30,0.006695652173913,0.0639565217391304,1.452173913043478,0.0150434782608695,154.56521739130434,117.08695652173913
364,2017-12-31,0.0066521739130434,0.0392608695652173,0.8869565217391304,0.0300434782608695,117.82608695652172,90.47826086956522
365,2018-01-01,0.0077083333333333,0.0549166666666666,1.0217391304347827,0.0257916666666666,60.95652173913044,31.416666666666668
366,2018-01-02,0.0072499999999999,0.0634166666666666,1.3708333333333331,0.0246249999999999,66.25,38.125
367,2018-01-03,0.0064999999999999,0.0357083333333333,0.6333333333333333,0.0243333333333333,47.958333333333336,26.45833333333333
368,2018-01-04,0.0064583333333333,0.0510833333333333,0.8375,0.0232083333333333,65.16666666666667,40.41666666666666
369,2018-01-05,0.0081249999999999,0.0552499999999999,1.025,0.0215416666666666,81.45833333333333,55.25
370,2018-01-06,0.0076666666666666,0.0589583333333333,1.025,0.0249583333333333,66.08333333333333,44.25
371,2018-01-07,0.0065416666666666,0.0592499999999999,1.1541666666666666,0.0101249999999999,71.83333333333333,56.04166666666666
372,2018-01-08,0.0084583333333333,0.0632916666666666,1.1375,0.0293333333333333,81.45833333333333,61.333333333333336
373,2018-01-09,0.0057916666666666,0.0377499999999999,0.5375,0.0303333333333333,54.083333333333336,31.33333333333333
374,2018-01-10,0.0057499999999999,0.0296666666666666,0.5391304347826087,0.0273333333333333,63.75,22.916666666666668
375,2018-01-11,0.0056666666666666,0.0255416666666666,0.5652173913043478,0.0242083333333333,43.208333333333336,31.5
376,2018-01-12,0.0080416666666666,0.0577083333333333,0.7916666666666666,0.0267499999999999,44.41666666666666,29.33333333333333
377,2018-01-13,0.0065416666666666,0.0591249999999999,1.1041666666666667,0.0063333333333333,86.125,69.41666666666667
378,2018-01-14,0.0073333333333333,0.06048,1.04,0.02752,89.04,71.64
379,2018-01-15,0.0087599999999999,0.0810799999999999,1.336,0.0333999999999999,116.4,88.32
380,2018-01-16,0.0107599999999999,0.08292,1.568,0.0135199999999999,147.4,114.36
381,2018-01-17,0.0088799999999999,0.07056,1.196,0.0205199999999999,140.04,112.0
382,2018-01-18,0.0091199999999999,0.0609599999999999,0.988,0.0278399999999999,119.88,90.44
383,2018-01-19,0.0073199999999999,0.0625599999999999,0.884,0.03244,73.0,39.96
384,2018-01-20,0.0099199999999999,0.06488,1.2833333333333334,0.0358799999999999,219.36,153.24
385,2018-01-21,0.0065199999999999,0.0541199999999999,0.996,0.0265199999999999,114.72,74.36
386,2018-01-22,0.0068799999999999,0.06016,0.936,0.0278399999999999,75.56,52.72
387,2018-01-23,0.0051249999999999,0.0231999999999999,0.488,0.0319999999999999,45.48,33.28
388,2018-01-24,0.0055599999999999,0.0248799999999999,0.496,0.0312799999999999,42.76,17.72
389,2018-01-25,0.0055999999999999,0.0253999999999999,0.52,0.0293199999999999,31.12,17.44
390,2018-01-26,0.0058799999999999,0.0348399999999999,0.636,0.0282799999999999,47.12,32.44
391,2018-01-27,0.0065999999999999,0.0542399999999999,0.92,0.0193199999999999,60.04,39.083333333333336
392,2018-01-28,0.0064399999999999,0.04376,0.736,0.0337199999999999,46.92,32.375
393,2018-01-29,0.0065199999999999,0.0342399999999999,0.596,0.032,65.16,24.88
394,2018-01-30,0.0079999999999999,0.06036,1.08,0.0226399999999999,58.458333333333336,35.36
395,2018-01-31,0.0063199999999999,0.0548399999999999,0.936,0.02232,53.79166666666666,31.28
396,2018-02-01,0.0067599999999999,0.0571999999999999,0.984,0.0297599999999999,54.88,34.16
397,2018-02-02,0.0077999999999999,0.0652799999999999,1.204,0.0238799999999999,78.44,51.76
398,2018-02-03,0.0060399999999999,0.0458399999999999,0.7391304347826086,0.0303199999999999,65.12,39.28
399,2018-02-04,0.0058799999999999,0.0203999999999999,0.5391304347826087,0.0324799999999999,48.24,37.36
400,2018-02-05,0.0053999999999999,0.0303999999999999,0.52,0.0303199999999999,39.32,24.72
401,2018-02-06,0.0055599999999999,0.0271599999999999,0.524,0.0299599999999999,42.24,26.04
402,2018-02-07,0.0066399999999999,0.0558799999999999,0.984,0.0251199999999999,59.0,38.56
403,2018-02-08,0.0081199999999999,0.0756,1.336,0.0158399999999999,80.76,56.88
404,2018-02-09,0.0091599999999999,0.07804,1.38,0.0222399999999999,97.56,67.52
405,2018-02-10,0.0087999999999999,0.0676,1.092,0.0331999999999999,168.44,102.64
406,2018-02-11,0.0066799999999999,0.0297199999999999,0.5291666666666667,0.03288,67.44,21.16
407,2018-02-12,0.0060799999999999,0.04196,0.5333333333333333,0.03276,65.84,21.8
408,2018-02-13,0.0075199999999999,0.0551199999999999,0.925,0.0309999999999999,63.08,25.4
409,2018-02-14,0.0079999999999999,0.0533199999999999,0.784,0.0381199999999999,111.52,54.68
410,2018-02-15,0.0061199999999999,0.0405599999999999,0.596,0.0360399999999999,59.96,29.56
411,2018-02-16,0.0067916666666666,0.04584,0.82,0.0411599999999999,58.36,38.08
412,2018-02-17,0.0055199999999999,0.0353999999999999,0.5,0.03556,73.2,34.04
413,2018-02-18,0.0067599999999999,0.05228,0.772,0.0324799999999999,50.0,30.16
414,2018-02-19,0.0073199999999999,0.06708,1.172,0.0269599999999999,91.12,65.32
415,2018-02-20,0.0069599999999999,0.0598799999999999,1.164,0.0375599999999999,98.4,72.28
416,2018-02-21,0.0064999999999999,0.0464,0.66,0.0373999999999999,49.88,27.4
417,2018-02-22,0.0081199999999999,0.0554399999999999,0.772,0.0410399999999999,62.36,38.84
418,2018-02-23,0.0062916666666666,0.0610399999999999,1.1760000000000002,0.03616,144.6,111.32
419,2018-02-24,0.0056363636363636,0.0488260869565217,0.9347826086956522,0.0357391304347826,121.69565217391305,87.95652173913044
420,2018-02-25,0.006090909090909,0.0546818181818181,0.8565217391304347,0.0413043478260869,56.78260869565217,41.21739130434783
421,2018-02-26,0.0125217391304347,0.0857391304347826,1.2086956521739132,0.0268695652173912,98.43478260869566,65.3913043478261
422,2018-02-27,0.0120454545454545,0.0919090909090909,1.55,0.0078181818181818,121.22727272727272,81.18181818181819
423,2018-02-28,0.0078181818181817,0.0646818181818181,1.0454545454545454,0.0264999999999999,117.6818181818182,78.5
424,2018-03-01,0.0049523809523809,0.0324090909090908,0.8863636363636364,0.0439999999999999,62.36363636363637,47.31818181818182
425,2018-03-02,0.0076818181818181,0.0659999999999999,0.8363636363636363,0.040590909090909,91.3181818181818,36.54545454545455
426,2018-03-03,0.0094761904761904,0.0647272727272727,0.8954545454545454,0.036590909090909,77.95454545454545,39.68181818181818
427,2018-03-04,0.0057619047619047,0.0504545454545454,0.7863636363636364,0.0319090909090908,50.09090909090909,33.86363636363637
428,2018-03-05,0.0044545454545454,0.0318181818181818,0.4909090909090909,0.0403181818181817,20.0,13.090909090909092
429,2018-03-06,0.0047916666666666,0.0551666666666666,0.7833333333333333,0.0375416666666666,45.66666666666666,26.916666666666668
430,2018-03-07,0.0044166666666666,0.0464583333333333,0.6124999999999999,0.0347916666666666,44.54166666666666,27.291666666666668
431,2018-03-08,0.0040833333333333,0.0368749999999999,0.6875,0.0392083333333333,74.125,58.625
432,2018-03-09,0.0051666666666666,0.0610416666666666,0.8916666666666667,0.0294166666666666,78.70833333333333,59.708333333333336
433,2018-03-10,0.0082083333333333,0.0583749999999999,0.9375,0.0395416666666666,76.25,58.583333333333336
434,2018-03-11,0.0063478260869564,0.0622499999999999,0.7208333333333333,0.0457083333333333,90.91666666666669,64.70833333333333
435,2018-03-12,0.0090416666666666,0.0759166666666666,1.0416666666666667,0.0535416666666666,160.25,103.83333333333331
436,2018-03-13,0.0071599999999999,0.0771999999999999,1.1760000000000002,0.0487083333333333,113.48,75.24
437,2018-03-14,0.0067999999999999,0.0489199999999999,0.5541666666666667,0.0413043478260869,35.32,22.52
438,2018-03-15,0.0052399999999999,0.0450799999999999,0.624,0.0293199999999999,39.88,29.32
439,2018-03-16,0.00388,0.0337599999999999,0.48,0.0417599999999999,25.52,13.44
440,2018-03-17,0.0053599999999999,0.0513599999999999,0.628,0.0310799999999999,59.84,40.32
441,2018-03-18,0.0068799999999999,0.06068,0.8,0.0297083333333333,86.04,68.64
442,2018-03-19,0.00396,0.043,0.616,0.0400399999999999,65.04,54.28
443,2018-03-20,0.00356,0.0203599999999999,0.38,0.0436666666666666,27.4,12.24
444,2018-03-21,0.0036399999999999,0.0405599999999999,0.4875,0.03988,22.2,13.04
445,2018-03-22,0.0056521739130434,0.0496249999999999,0.7086956521739131,0.0455833333333333,79.20833333333333,56.833333333333336
446,2018-03-23,0.0086086956521738,0.0626249999999999,0.8416666666666667,0.0523333333333333,104.83333333333331,78.45833333333333
447,2018-03-24,0.0104347826086956,0.0745,0.9833333333333334,0.0561249999999999,136.5,114.04166666666669
448,2018-03-25,0.0081304347826086,0.0650833333333333,1.0375,0.0670833333333333,151.08333333333334,123.58333333333331
449,2018-03-26,0.0081666666666666,0.0791666666666666,1.175,0.0583749999999999,143.66666666666666,111.5
450,2018-03-27,0.0093333333333333,0.076375,1.1583333333333334,0.066375,117.92,83.16
451,2018-03-28,0.0076666666666666,0.0534583333333333,0.8608695652173913,0.0499583333333333,101.92,70.72
452,2018-03-29,0.0066249999999999,0.0576249999999999,0.7291666666666666,0.0518749999999999,85.16,56.8
453,2018-03-30,0.0063333333333333,0.0555833333333333,0.8125,0.0540833333333333,87.68,56.4
454,2018-03-31,0.0087083333333333,0.0539999999999999,0.6666666666666666,0.0594583333333333,73.12,42.64
455,2018-04-01,0.0079999999999999,0.0466249999999999,0.65,0.0454583333333333,102.28,53.84
456,2018-04-02,0.0070416666666666,0.0471249999999999,0.6083333333333333,0.0488749999999999,90.44,39.56
457,2018-04-03,0.0077499999999999,0.0393333333333333,0.5833333333333334,0.0363333333333333,106.92,30.96
458,2018-04-04,0.0042916666666666,0.0279583333333333,0.4583333333333333,0.0397916666666666,48.28,27.48
459,2018-04-05,0.0034782608695652,0.0333478260869565,0.5,0.0311739130434782,11.791666666666666,8.541666666666666
460,2018-04-06,0.0038260869565217,0.0266249999999999,0.5916666666666667,0.0394999999999999,342.84,61.88
461,2018-04-07,0.0040434782608695,0.02125,0.4583333333333333,0.0436666666666666,82.76,44.92
462,2018-04-08,0.0059999999999999,0.0372499999999999,0.5333333333333333,0.0417916666666666,39.24,23.92
463,2018-04-09,0.0056086956521738,0.0732916666666666,0.9291666666666668,0.0362083333333333,62.12,38.52
464,2018-04-10,0.0052608695652173,0.0617083333333333,0.7958333333333334,0.0537499999999999,64.24,32.76
465,2018-04-11,0.0066086956521738,0.0508333333333333,0.5782608695652174,0.0475833333333333,108.56,43.4
466,2018-04-12,0.007391304347826,0.0527083333333333,0.6130434782608696,0.0468333333333333,74.92,25.88
467,2018-04-13,0.0059130434782608,0.0595,0.7565217391304347,0.0467916666666666,48.44,22.6
468,2018-04-14,0.0042083333333333,0.0303749999999999,0.4875,0.0443333333333333,37.04,27.08
469,2018-04-15,0.0043749999999999,0.0325416666666666,0.5291666666666667,0.0435416666666666,147.96,31.28
470,2018-04-16,0.0049583333333333,0.0524166666666666,0.7000000000000001,0.0492916666666666,47.76,31.76
471,2018-04-17,0.0064583333333333,0.0619166666666666,0.7875,0.0574166666666666,106.64,41.68
472,2018-04-18,0.0062916666666666,0.0666666666666666,0.7374999999999999,0.0558749999999999,123.2,50.44
473,2018-04-19,0.0105833333333333,0.0714583333333333,0.775,0.0816249999999999,112.36,59.2
474,2018-04-20,0.0115833333333333,0.0933749999999999,0.9875,0.0905416666666666,151.56,82.84
475,2018-04-21,0.0102083333333333,0.0923749999999999,1.125,0.0635416666666666,131.6,84.72
476,2018-04-22,0.0051249999999999,0.0547916666666666,0.6458333333333334,0.0488749999999999,53.44,33.16
477,2018-04-23,0.0032916666666666,0.0229583333333333,0.4041666666666666,0.0514999999999999,23.32,18.28
478,2018-04-24,0.0034166666666666,0.0419583333333333,0.4791666666666667,0.0451666666666666,22.52,16.48
479,2018-04-25,0.004695652173913,0.0638695652173913,0.7583333333333333,0.0632608695652173,50.75,38.25
480,2018-04-26,0.0062499999999999,0.0601666666666666,0.775,0.0662916666666666,63.76,44.0
481,2018-04-27,0.0089999999999999,0.0652399999999999,0.7879999999999999,0.0662,94.04,66.04
482,2018-04-28,0.0079599999999999,0.0625199999999999,0.748,0.05964,93.32,70.44
483,2018-04-29,0.0090799999999999,0.0561199999999999,0.7040000000000001,0.08644,75.4,52.88
484,2018-04-30,0.0083999999999999,0.0492799999999999,0.7625000000000001,0.07716,99.04,71.24
485,2018-05-01,0.0044399999999999,0.0486399999999999,0.7304347826086957,0.0570799999999999,82.0,62.44
486,2018-05-02,0.0041599999999999,0.0458799999999999,0.7208333333333333,0.0411599999999999,76.64,62.2
487,2018-05-03,0.0040799999999999,0.0387599999999999,0.5333333333333333,0.04552,63.92,27.2
488,2018-05-04,0.0051999999999999,0.0367999999999999,0.504,0.0588399999999999,54.4,25.12
489,2018-05-05,0.0064399999999999,0.0358799999999999,0.52,0.08192,54.84,27.08
490,2018-05-06,0.0040399999999999,0.03728,0.568,0.05932,35.72,20.8
491,2018-05-07,0.0048399999999999,0.0553599999999999,0.716,0.0561199999999999,65.12,36.48
492,2018-05-08,0.0039999999999999,0.0390399999999999,0.5750000000000001,0.0507199999999999,56.76,30.64
493,2018-05-09,0.00384,0.0381599999999999,0.4624999999999999,0.0602,39.12,17.24
494,2018-05-10,0.0080399999999999,0.0440399999999999,0.5416666666666666,0.06472,59.64,41.96
495,2018-05-11,0.0050399999999999,0.0604399999999999,0.6920000000000001,0.0672,89.52,59.84
496,2018-05-12,0.0079999999999999,0.06232,0.76,0.0396399999999999,73.16,48.88
497,2018-05-13,0.0042399999999999,0.0420399999999999,0.6559999999999999,0.0462399999999999,43.56,32.8
498,2018-05-14,0.0063599999999999,0.05656,0.868,0.0850799999999999,114.08,88.8
499,2018-05-15,0.0067599999999999,0.07092,1.004,0.0810799999999999,111.6,85.52
500,2018-05-16,0.0050799999999999,0.0612399999999999,0.792,0.0187599999999999,70.84,51.8
501,2018-05-17,0.0037999999999999,0.0403199999999999,0.6666666666666666,0.0271999999999999,35.68,25.12
502,2018-05-18,0.0036799999999999,0.0298399999999999,0.484,0.0275199999999999,23.92,10.56
503,2018-05-19,0.0033599999999999,0.0263599999999999,0.38,0.0460833333333333,19.92,9.68
504,2018-05-20,0.0034399999999999,0.0265833333333333,0.376,0.0467083333333333,18.04,8.76
505,2018-05-21,0.00428,0.0489199999999999,0.544,0.0537199999999999,45.6,25.84
506,2018-05-22,0.0048399999999999,0.0466799999999999,0.64,0.0510799999999999,62.4,43.48
507,2018-05-23,0.00376,0.04044,0.484,0.0520399999999999,96.96,22.6
508,2018-05-24,0.0069999999999999,0.0417999999999999,0.588,0.07456,119.2,40.24
509,2018-05-25,0.0074399999999999,0.06584,0.78,0.0764799999999999,118.04,47.56
510,2018-05-26,0.0060799999999999,0.06008,0.74,0.1155999999999999,103.92,54.08
511,2018-05-27,0.0082399999999999,0.0525999999999999,0.672,0.07288,86.2,42.24
512,2018-05-28,0.0070399999999999,0.04904,0.6,0.0894,78.28,42.68
513,2018-05-29,0.0085199999999999,0.0381599999999999,0.492,0.0538799999999999,53.68,38.04
514,2018-05-30,0.0045599999999999,0.0367999999999999,0.528,0.0573999999999999,61.88,41.56
515,2018-05-31,0.0047199999999999,0.0424399999999999,0.564,0.0723999999999999,52.8,33.32
516,2018-06-01,0.0064399999999999,0.0619599999999999,0.7120000000000001,0.08076,60.4,36.68
517,2018-06-02,0.0087599999999999,0.0557999999999999,0.648,0.06844,60.32,38.64
518,2018-06-03,0.0056399999999999,0.0506799999999999,0.596,0.08068,43.2,30.4
519,2018-06-04,0.0103199999999999,0.0527599999999999,0.644,0.07356,60.6,37.28
520,2018-06-05,0.0085999999999999,0.0383999999999999,0.5760000000000001,0.1058799999999999,75.44,52.36
521,2018-06-06,0.0073999999999999,0.0377599999999999,0.5416666666666666,0.08032,73.88,57.28
522,2018-06-07,0.0054799999999999,0.0466799999999999,0.552,0.0778799999999999,70.36,48.84
523,2018-06-08,0.0042799999999999,0.0348399999999999,0.512,0.0580799999999999,57.72,38.32
524,2018-06-09,0.0040799999999999,0.0348799999999999,0.58,0.0700799999999999,60.84,40.56
525,2018-06-10,0.0034799999999999,0.0146799999999999,0.368,0.0474399999999999,17.56,8.8
526,2018-06-11,0.0037199999999999,0.0296399999999999,0.44,0.0339599999999999,25.04,10.68
527,2018-06-12,0.0039999999999999,0.0294799999999999,0.44,0.0542399999999999,27.04,14.64
528,2018-06-13,0.0053999999999999,0.0337999999999999,0.532,0.0696399999999999,47.36,33.28
529,2018-06-14,0.0043999999999999,0.0339999999999999,0.5479999999999999,0.0473599999999999,49.2,37.32
530,2018-06-15,0.00384,0.0203199999999999,0.412,0.0448799999999999,21.84,11.24
531,2018-06-16,0.0039599999999999,0.0329599999999999,0.492,0.07508,41.64,25.32
532,2018-06-17,0.0053599999999999,0.0414799999999999,0.636,0.0808,76.32,51.68
533,2018-06-18,0.0059599999999999,0.0493199999999999,0.648,0.08388,67.48,46.44
534,2018-06-19,0.0117999999999999,0.0467999999999999,0.608,0.06884,55.08,39.84
535,2018-06-20,0.0045999999999999,0.0299199999999999,0.4639999999999999,0.06452,54.4,38.44
536,2018-06-21,0.0049199999999999,0.0426799999999999,0.612,0.0657999999999999,50.16,35.2
537,2018-06-22,0.0057599999999999,0.0517999999999999,0.68,0.08484,70.16,50.8
538,2018-06-23,0.0089199999999999,0.0488399999999999,0.5920000000000001,0.07668,73.56,46.96
539,2018-06-24,0.0068399999999999,0.0239599999999999,0.608,0.1089199999999999,84.2,56.2
540,2018-06-25,0.0061999999999999,0.06364,0.732,0.1119599999999999,90.4,58.12
541,2018-06-26,0.0100399999999999,0.0563599999999999,0.716,0.0579199999999999,85.84,59.96
542,2018-06-27,0.0059199999999999,0.0402799999999999,0.6791666666666667,0.0640416666666666,53.84,42.88
543,2018-06-28,0.0042399999999999,0.0480399999999999,0.6625,0.0401666666666666,38.12,28.12
544,2018-06-29,0.0049599999999999,0.0517999999999999,0.74,0.0825416666666666,64.0,46.56
545,2018-06-30,0.0048799999999999,0.0452799999999999,0.828,0.0552499999999999,78.92,56.92
546,2018-07-01,0.0035599999999999,0.0278799999999999,0.496,0.0310833333333333,25.56,15.04
547,2018-07-02,0.00388,0.0421999999999999,0.62,0.04632,23.8,15.88
548,2018-07-03,0.0042399999999999,0.0247999999999999,0.552,0.0383599999999999,21.36,13.92
549,2018-07-04,0.0047199999999999,0.0330399999999999,0.524,0.06468,42.12,28.36
550,2018-07-05,0.0044399999999999,0.0282799999999999,0.552,0.0350799999999999,35.44,25.76
551,2018-07-06,0.00368,0.0157599999999999,0.34,0.0255199999999999,17.6,6.52
552,2018-07-07,0.0036799999999999,0.0170399999999999,0.332,0.0392799999999999,16.84,8.68
553,2018-07-08,0.0038399999999999,0.0235199999999999,0.368,0.0487199999999999,19.72,12.08
554,2018-07-09,0.003625,0.0210799999999999,0.428,0.0202399999999999,18.08,8.92
555,2018-07-10,0.0042916666666666,0.0420399999999999,0.7,0.0135199999999999,45.88,28.88
556,2018-07-11,0.0055833333333333,0.0330399999999999,0.7040000000000001,0.0246399999999999,43.64,27.2
557,2018-07-12,0.0056666666666666,0.0227599999999999,0.524,0.0188399999999999,39.48,23.64
558,2018-07-13,0.0071666666666666,0.0308399999999999,0.48,0.0371599999999999,29.12,19.04
559,2018-07-14,0.0068333333333333,0.0261999999999999,0.416,0.0433599999999999,28.8,19.24
560,2018-07-15,0.0076666666666666,0.0218399999999999,0.4,0.0643599999999999,33.44,25.04
561,2018-07-16,0.0101199999999999,0.0320399999999999,0.456,0.06508,44.04,31.8
562,2018-07-17,0.0091599999999999,0.0294399999999999,0.456,0.0599199999999999,48.88,38.04
563,2018-07-18,0.0090399999999999,0.0314799999999999,0.4679999999999999,0.07952,56.6,41.48
564,2018-07-19,0.0061999999999999,0.0291999999999999,0.4479999999999999,0.06808,46.92,32.04
565,2018-07-20,0.0077199999999999,0.0429599999999999,0.52,0.1167199999999999,67.68,51.84
566,2018-07-21,0.0092799999999999,0.0393599999999999,0.5920000000000001,0.14448,69.56,50.56
567,2018-07-22,0.0061999999999999,0.0326399999999999,0.472,0.09684,41.16,30.84
568,2018-07-23,0.0091999999999999,0.0290399999999999,0.476,0.0957599999999999,50.96,33.76
569,2018-07-24,0.0101599999999999,0.0403199999999999,0.54,0.13792,74.68,54.96
570,2018-07-25,0.0085599999999999,0.0293599999999999,0.4639999999999999,0.0538399999999999,42.92,29.96
571,2018-07-26,0.0070833333333333,0.0349166666666666,0.4958333333333333,0.0711249999999999,59.083333333333336,40.5
572,2018-07-27,0.0053749999999999,0.0333749999999999,0.4875,0.1035833333333333,69.45833333333333,52.333333333333336
573,2018-07-28,0.0041666666666666,0.0473749999999999,0.6583333333333333,0.0728333333333333,55.833333333333336,40.91666666666666
574,2018-07-29,0.003875,0.0224166666666666,0.4541666666666666,0.0404583333333333,29.125,20.166666666666668
575,2018-07-30,0.0038,0.0242399999999999,0.364,0.0482799999999999,19.0,10.36
576,2018-07-31,0.00428,0.0273599999999999,0.428,0.08324,33.0,20.28
577,2018-08-01,0.0042499999999999,0.0344166666666666,0.5625,0.1146666666666666,50.833333333333336,30.875
578,2018-08-02,0.0063749999999999,0.0367499999999999,0.6041666666666666,0.1280833333333333,63.54166666666666,47.458333333333336
579,2018-08-03,0.0062499999999999,0.0362499999999999,0.6124999999999999,0.1211666666666666,67.875,50.91666666666666
580,2018-08-04,0.0064799999999999,0.0225199999999999,0.444,0.0602799999999999,38.92,26.125
581,2018-08-05,0.0048799999999999,0.0145199999999999,0.34,0.0380399999999999,35.24,23.375
582,2018-08-06,0.00432,0.0370799999999999,0.476,0.0575199999999999,45.56,29.08
583,2018-08-07,0.0051999999999999,0.0290799999999999,0.4679999999999999,0.0860399999999999,41.48,29.48
584,2018-08-08,0.0054399999999999,0.0237199999999999,0.416,0.0564799999999999,37.88,26.0
585,2018-08-09,0.0055599999999999,0.0324399999999999,0.516,0.0408799999999999,37.52,27.36
586,2018-08-10,0.0042,0.02652,0.504,0.0626799999999999,29.88,20.72
587,2018-08-11,0.00436,0.0240399999999999,0.436,0.0632399999999999,22.6,13.36
588,2018-08-12,0.0046399999999999,0.0296399999999999,0.492,0.06652,28.44,20.52
589,2018-08-13,0.0054799999999999,0.0290399999999999,0.488,0.0683199999999999,45.2,33.08
590,2018-08-14,0.0062799999999999,0.0359199999999999,0.46,0.081,45.76,30.92
591,2018-08-15,0.0043599999999999,0.0312799999999999,0.456,0.0884399999999999,40.08,27.92
592,2018-08-16,0.00376,0.0188799999999999,0.376,0.0406399999999999,23.8,14.72
593,2018-08-17,0.0036799999999999,0.0216399999999999,0.356,0.0437199999999999,21.36,11.6
594,2018-08-18,0.00392,0.0267599999999999,0.396,0.0687199999999999,26.56,13.28
595,2018-08-19,0.0044799999999999,0.0274799999999999,0.444,0.0934799999999999,37.4,21.6
596,2018-08-20,0.0052799999999999,0.0351599999999999,0.524,0.0757999999999999,50.72,32.48
597,2018-08-21,0.0050399999999999,0.0383599999999999,0.512,0.0490799999999999,33.72,20.56
598,2018-08-22,0.0041599999999999,0.0346799999999999,0.5,0.06612,33.96,19.84
599,2018-08-23,0.0039199999999999,0.0195599999999999,0.368,0.0213999999999999,19.64,10.84
600,2018-08-24,0.0038399999999999,0.0211999999999999,0.428,0.0268399999999999,18.32,9.8
601,2018-08-25,0.00448,0.0242799999999999,0.48,0.0537199999999999,35.68,19.84
602,2018-08-26,0.00396,0.0256799999999999,0.4639999999999999,0.0529599999999999,27.16,18.12
603,2018-08-27,0.0034,0.0337999999999999,0.524,0.0315999999999999,17.96,9.72
604,2018-08-28,0.00376,0.0282399999999999,0.54,0.0162399999999999,19.64,11.36
605,2018-08-29,0.0042799999999999,0.0347599999999999,0.552,0.0163199999999999,21.32,12.08
606,2018-08-30,0.0045199999999999,0.0379199999999999,0.64,0.0508399999999999,46.52,31.88
607,2018-08-31,0.0048799999999999,0.03812,0.572,0.0667199999999999,36.64,22.28
608,2018-09-01,0.0042799999999999,0.0335199999999999,0.592,0.0459199999999999,29.64,16.76
609,2018-09-02,0.0039999999999999,0.0230399999999999,0.412,0.0624399999999999,22.4,12.76
610,2018-09-03,0.00368,0.0440399999999999,0.5760000000000001,0.03272,29.12,17.68
611,2018-09-04,0.0042399999999999,0.0283999999999999,0.472,0.0491599999999999,25.76,13.4
612,2018-09-05,0.0050799999999999,0.0324799999999999,0.484,0.0580399999999999,42.52,19.2
613,2018-09-06,0.0057999999999999,0.0409199999999999,0.592,0.0783599999999999,47.72,27.52
614,2018-09-07,0.0047199999999999,0.0355999999999999,0.532,0.0589199999999999,46.68,23.56
615,2018-09-08,0.0043999999999999,0.0343599999999999,0.52,0.0492399999999999,35.12,16.6
616,2018-09-09,0.0042799999999999,0.0308399999999999,0.488,0.0597999999999999,32.08,16.04
617,2018-09-10,0.0035199999999999,0.02492,0.384,0.0410799999999999,20.48,8.72
618,2018-09-11,0.00356,0.0257599999999999,0.3879999999999999,0.04024,19.92,9.24
619,2018-09-12,0.00392,0.05436,0.532,0.0521599999999999,29.84,15.6
620,2018-09-13,0.0038799999999999,0.0437999999999999,0.5,0.04292,28.32,15.04
621,2018-09-14,0.0038399999999999,0.0339999999999999,0.472,0.0304399999999999,27.32,14.84
622,2018-09-15,0.0041999999999999,0.0429199999999999,0.52,0.0311999999999999,27.0,16.24
623,2018-09-16,0.0043599999999999,0.0306399999999999,0.568,0.0507199999999999,53.0,38.64
624,2018-09-17,0.0041999999999999,0.0374799999999999,0.5760000000000001,0.0603599999999999,39.0,20.92
625,2018-09-18,0.0049599999999999,0.0478399999999999,0.672,0.0643199999999999,53.8,25.36
626,2018-09-19,0.0047199999999999,0.0549199999999999,0.648,0.0457199999999999,56.76,28.76
627,2018-09-20,0.0038399999999999,0.0299999999999999,0.456,0.0456799999999999,36.84,24.52
628,2018-09-21,0.0036799999999999,0.0359599999999999,0.516,0.0326799999999999,16.52,8.76
629,2018-09-22,0.0047599999999999,0.0383599999999999,0.624,0.0530799999999999,52.68,21.92
630,2018-09-23,0.0054799999999999,0.0333199999999999,0.5760000000000001,0.0579199999999999,38.48,15.28
631,2018-09-24,0.0042399999999999,0.0227199999999999,0.484,0.03648,22.28,10.56
632,2018-09-25,0.0037999999999999,0.0240399999999999,0.436,0.0387999999999999,22.2,10.6
633,2018-09-26,0.0033599999999999,0.0182799999999999,0.352,0.0376399999999999,13.16,8.08
634,2018-09-27,0.0035599999999999,0.0294799999999999,0.4,0.03972,16.76,8.4
635,2018-09-28,0.0039199999999999,0.0361999999999999,0.512,0.0286799999999999,22.92,11.84
636,2018-09-29,0.004,0.0481199999999999,0.588,0.0472399999999999,28.56,16.04
637,2018-09-30,0.00404,0.0385199999999999,0.544,0.0452399999999999,41.28,22.6
638,2018-10-01,0.0040416666666666,0.0212916666666666,0.4541666666666666,0.0351249999999999,26.875,12.708333333333334
639,2018-10-02,0.0041599999999999,0.0454399999999999,0.648,0.0485999999999999,34.88,18.84
640,2018-10-03,0.00456,0.0476399999999999,0.6679999999999999,0.0537599999999999,41.8,22.48
641,2018-10-04,0.0040799999999999,0.0403599999999999,0.616,0.04568,31.28,18.4
642,2018-10-05,0.0037083333333333,0.0305599999999999,0.416,0.0382499999999999,18.52,9.16
643,2018-10-06,0.00375,0.0336666666666666,0.62,0.042,18.32,10.32
644,2018-10-07,0.0043333333333333,0.0317083333333333,0.688,0.0493749999999999,39.92,18.52
645,2018-10-08,0.00436,0.0497599999999999,0.708,0.0399999999999999,34.04,15.64
646,2018-10-09,0.0046399999999999,0.0439199999999999,0.6920000000000001,0.0287999999999999,35.0,16.64
647,2018-10-10,0.0042399999999999,0.0248799999999999,0.4679999999999999,0.0345599999999999,25.68,16.24
648,2018-10-11,0.004,0.0287599999999999,0.484,0.0305199999999999,23.84,11.84
649,2018-10-12,0.0046399999999999,0.0491599999999999,0.7440000000000001,0.0299599999999999,36.56,20.88
650,2018-10-13,0.0051599999999999,0.0631999999999999,0.8440000000000001,0.0355199999999999,55.56,37.68
651,2018-10-14,0.0053599999999999,0.0520399999999999,0.7708333333333334,0.0548799999999999,45.92,31.04
652,2018-10-15,0.0055999999999999,0.0546799999999999,0.9291666666666668,0.06984,105.36,66.4
653,2018-10-16,0.0053599999999999,0.0548799999999999,0.7958333333333334,0.0479199999999999,72.36,43.24
654,2018-10-17,0.0051199999999999,0.0510399999999999,0.8083333333333335,0.0430416666666666,57.0,30.48
655,2018-10-18,0.00448,0.03988,0.6,0.0313199999999999,28.0,14.68
656,2018-10-19,0.0050799999999999,0.0496799999999999,0.7208333333333333,0.0396799999999999,36.08,18.8
657,2018-10-20,0.0058333333333333,0.0612916666666666,0.8956521739130435,0.0370416666666666,56.16666666666666,29.791666666666668
658,2018-10-21,0.0052083333333333,0.0639583333333333,0.8956521739130435,0.0510416666666666,51.91666666666666,31.791666666666668
659,2018-10-22,0.0075416666666666,0.0800416666666666,1.0173913043478262,0.0464166666666666,75.20833333333333,50.333333333333336
660,2018-10-23,0.0059583333333333,0.0697083333333333,0.9608695652173914,0.0348749999999999,75.29166666666667,50.708333333333336
661,2018-10-24,0.0052499999999999,0.0531666666666666,0.8260869565217391,0.0383749999999999,53.16666666666666,26.33333333333333
662,2018-10-25,0.0054583333333333,0.0697499999999999,1.0391304347826087,0.0352916666666666,60.125,31.70833333333333
663,2018-10-26,0.0050833333333333,0.0554999999999999,0.7782608695652173,0.0321666666666666,51.66666666666666,32.375
664,2018-10-27,0.00425,0.0273333333333333,0.3956521739130434,0.0323333333333333,52.958333333333336,10.166666666666666
665,2018-10-28,0.0044583333333333,0.0358749999999999,0.5652173913043478,0.0299583333333333,26.541666666666668,15.666666666666666
666,2018-10-29,0.0044347826086956,0.0362608695652173,0.6181818181818182,0.0292608695652173,26.43478260869565,12.91304347826087
667,2018-10-30,0.0046086956521739,0.0348695652173913,0.5409090909090909,0.0283043478260869,27.47826086956522,15.08695652173913
668,2018-10-31,0.0046086956521739,0.0473043478260869,0.6681818181818181,0.0315652173913043,35.08695652173913,20.608695652173918
669,2018-11-01,0.0058260869565217,0.0620434782608695,1.0434782608695652,0.0363043478260869,50.869565217391305,29.782608695652176
670,2018-11-02,0.0058695652173912,0.0733478260869565,1.1652173913043478,0.0275217391304347,64.6086956521739,40.52173913043478
671,2018-11-03,0.0058260869565217,0.0722173913043478,1.182608695652174,0.0323043478260869,75.04347826086956,52.82608695652174
672,2018-11-04,0.0053478260869565,0.0629130434782608,1.0818181818181818,0.045391304347826,70.43478260869566,48.21739130434783
673,2018-11-05,0.0056521739130434,0.0680434782608695,1.126086956521739,0.0305652173913043,86.8695652173913,57.56521739130435
674,2018-11-06,0.0071739130434782,0.0903478260869565,1.2608695652173914,0.0174347826086956,153.91304347826087,111.21739130434784
675,2018-11-07,0.005090909090909,0.0640869565217391,1.056521739130435,0.0202608695652173,125.34782608695652,90.08695652173913
676,2018-11-08,0.0045217391304347,0.0429565217391304,0.6608695652173913,0.0269565217391304,17.043478260869566,10.565217391304348
677,2018-11-09,0.0072083333333333,0.0391666666666666,0.95,0.0412083333333333,89.41666666666667,56.708333333333336
678,2018-11-10,0.0076086956521738,0.0546666666666666,0.9583333333333334,0.0465416666666666,100.79166666666669,64.20833333333333
679,2018-11-11,0.0059565217391304,0.0489166666666666,1.0208333333333333,0.0231249999999999,97.66666666666669,66.83333333333333
680,2018-11-12,0.0060434782608695,0.0531249999999999,0.8208333333333333,0.0281249999999999,52.458333333333336,28.625
681,2018-11-13,0.0058333333333333,0.0604799999999999,1.028,0.0315199999999999,67.16,39.36
682,2018-11-14,0.0053749999999999,0.0608799999999999,0.984,0.0316799999999999,51.28,32.24
683,2018-11-15,0.0059166666666666,0.0718399999999999,1.02,0.0217999999999999,73.04166666666667,51.04
684,2018-11-16,0.0061666666666666,0.0675199999999999,1.112,0.0377199999999999,80.6,53.92
685,2018-11-17,0.0053333333333333,0.0428799999999999,0.696,0.0201199999999999,41.52,25.52
686,2018-11-18,0.0061249999999999,0.0514399999999999,0.904,0.0271999999999999,47.333333333333336,30.6
687,2018-11-19,0.0065416666666666,0.0555999999999999,1.175,0.0292399999999999,75.68,45.0
688,2018-11-20,0.0076249999999999,0.05516,0.9208333333333334,0.0287599999999999,58.92,25.36
689,2018-11-21,0.0052499999999999,0.0517599999999999,0.7000000000000001,0.0304799999999999,53.6,31.08
690,2018-11-22,0.0052083333333333,0.0379999999999999,0.536,0.0293599999999999,32.68,17.52
691,2018-11-23,0.0055416666666666,0.0543999999999999,0.772,0.0264399999999999,36.36,19.96
692,2018-11-24,0.0048333333333333,0.045,0.6833333333333332,0.0200799999999999,36.44,27.6
693,2018-11-25,0.0048749999999999,0.0546799999999999,1.0916666666666666,0.0215599999999999,64.08,46.52
694,2018-11-26,0.0061666666666666,0.0719199999999999,1.412,0.0238799999999999,90.4,57.04
695,2018-11-27,0.0066249999999999,0.06712,1.348,0.0204799999999999,319.08,78.32
696,2018-11-28,0.0058799999999999,0.0464799999999999,0.6679999999999999,0.0259599999999999,200.12,34.28
697,2018-11-29,0.0057199999999999,0.0513199999999999,0.908,0.0140399999999999,108.4,33.28
698,2018-11-30,0.0059999999999999,0.0541599999999999,0.956,0.0224399999999999,92.56,34.8
699,2018-12-01,0.0069599999999999,0.06356,1.124,0.0195199999999999,66.48,37.2
700,2018-12-02,0.0056399999999999,0.05516,1.04,0.0171199999999999,58.64,32.4
701,2018-12-03,0.0055999999999999,0.0536399999999999,1.296,0.0198399999999999,57.44,32.08
702,2018-12-04,0.0045599999999999,0.03684,0.7208333333333333,0.0260399999999999,61.64,27.24
703,2018-12-05,0.00504,0.03688,0.5499999999999999,0.0256399999999999,41.24,19.84
704,2018-12-06,0.0053199999999999,0.0375999999999999,0.6541666666666667,0.0239999999999999,59.04,24.8
705,2018-12-07,0.0045599999999999,0.0201599999999999,0.4375,0.0309166666666666,43.72,22.8
706,2018-12-08,0.0048799999999999,0.0211599999999999,0.4416666666666666,0.0276249999999999,33.76,13.52
707,2018-12-09,0.0056,0.0397999999999999,0.6333333333333333,0.0270833333333333,29.68,16.04
708,2018-12-10,0.0060399999999999,0.0624399999999999,1.1375,0.0200833333333333,55.0,29.84
709,2018-12-11,0.0062399999999999,0.05732,1.036,0.0139583333333333,69.56,39.56
710,2018-12-12,0.0059199999999999,0.046,0.84,0.0284999999999999,79.96,42.88
711,2018-12-13,0.0059199999999999,0.0491199999999999,0.9,0.0299199999999999,59.0,42.68
712,2018-12-14,0.0055999999999999,0.04948,0.812,0.02204,44.36,28.76
713,2018-12-15,0.0064399999999999,0.06412,1.232,0.0099599999999999,77.16,52.68
714,2018-12-16,0.0060799999999999,0.05968,1.216,0.0066399999999999,70.0,49.96
715,2018-12-17,0.0078399999999999,0.0525999999999999,1.14,0.0265599999999999,108.56,77.4
716,2018-12-18,0.0071999999999999,0.0672,1.308,0.0249599999999999,63.2,38.84
717,2018-12-19,0.0077999999999999,0.07064,1.5319999999999998,0.0251199999999999,83.04,51.56
718,2018-12-20,0.0072399999999999,0.07264,1.384,0.0176399999999999,83.92,54.76
719,2018-12-21,0.0099199999999999,0.0836,1.5519999999999998,0.0078799999999999,121.28,80.96
720,2018-12-22,0.0089199999999999,0.0783599999999999,1.496,0.0239999999999999,111.68,78.88
721,2018-12-23,0.0057199999999999,0.0460399999999999,0.9958333333333332,0.0341599999999999,85.32,61.6
722,2018-12-24,0.0057599999999999,0.0502399999999999,0.7166666666666667,0.0250399999999999,33.44,18.08
723,2018-12-25,0.0065199999999999,0.0527599999999999,0.9041666666666668,0.0102799999999999,48.12,31.36
724,2018-12-26,0.0061599999999999,0.0457599999999999,0.8708333333333335,0.0269599999999999,83.6,50.56
725,2018-12-27,0.00468,0.0230399999999999,0.476,0.0278799999999999,41.04,13.16
726,2018-12-28,0.0053599999999999,0.0417199999999999,0.688,0.0220799999999999,49.04,20.16
727,2018-12-29,0.00484,0.0263199999999999,0.544,0.0293599999999999,56.36,15.2
728,2018-12-30,0.0058799999999999,0.0483599999999999,0.9,0.0224799999999999,45.08,27.44
729,2018-12-31,0.0060799999999999,0.05696,1.244,0.0181999999999999,71.32,47.48
730,2019-01-01,0.0055199999999999,0.0514399999999999,1.012,0.0308799999999999,53.16,36.4
731,2019-01-02,0.0063599999999999,0.0557999999999999,1.092,0.0253599999999999,50.32,34.32
732,2019-01-03,0.0071199999999999,0.06504,1.208,0.0181599999999999,59.68,37.32
733,2019-01-04,0.0076399999999999,0.0738399999999999,1.544,0.0130399999999999,87.84,62.0
734,2019-01-05,0.0065199999999999,0.0533999999999999,1.076,0.0293199999999999,134.36,104.52
735,2019-01-06,0.0066799999999999,0.0564799999999999,0.936,0.0235999999999999,73.48,37.8
736,2019-01-07,0.0073999999999999,0.06916,1.408,0.0248399999999999,81.12,55.68
737,2019-01-08,0.0069999999999999,0.0494399999999999,0.872,0.0317999999999999,67.24,37.8
738,2019-01-09,0.0063999999999999,0.0569999999999999,0.988,0.0207999999999999,75.6,37.32
739,2019-01-10,0.0071999999999999,0.0583999999999999,1.088,0.0120399999999999,80.08,49.0
740,2019-01-11,0.0068399999999999,0.0693999999999999,1.268,0.0154399999999999,109.16,78.92
741,2019-01-12,0.0074799999999999,0.06876,1.392,0.0274399999999999,122.64,90.76
742,2019-01-13,0.0078399999999999,0.0669999999999999,1.504,0.0367199999999999,146.36,113.96
743,2019-01-14,0.0086399999999999,0.0802,1.884,0.0177999999999999,210.8,163.48
744,2019-01-15,0.0071599999999999,0.0631999999999999,1.432,0.0320799999999999,197.72,150.88
745,2019-01-16,0.0054799999999999,0.0449199999999999,0.64,0.0276799999999999,90.24,24.12
746,2019-01-17,0.0062799999999999,0.0557999999999999,1.108,0.0320799999999999,67.04,35.72
747,2019-01-18,0.0073999999999999,0.0720799999999999,1.412,0.0230799999999999,102.52,71.0
748,2019-01-19,0.00888,0.0703999999999999,1.476,0.0292399999999999,130.28,93.28
749,2019-01-20,0.0059599999999999,0.0439199999999999,1.0,0.0333599999999999,125.68,93.44
750,2019-01-21,0.0062399999999999,0.0549599999999999,0.988,0.0231599999999999,67.88,34.88
751,2019-01-22,0.0067599999999999,0.0663199999999999,1.5119999999999998,0.0297199999999999,88.96,52.96
752,2019-01-23,0.0073199999999999,0.06988,1.784,0.0362399999999999,128.4,89.56
753,2019-01-24,0.0068799999999999,0.05644,0.988,0.0254799999999999,59.64,31.36
754,2019-01-25,0.0063199999999999,0.05652,0.96,0.0343999999999999,89.8,30.16
755,2019-01-26,0.0055599999999999,0.0373199999999999,0.62,0.0307999999999999,57.84,26.56
756,2019-01-27,0.0065599999999999,0.0484799999999999,0.956,0.0297999999999999,56.88,33.96
757,2019-01-28,0.0059999999999999,0.0377199999999999,0.8240000000000001,0.0337199999999999,126.68,61.4
758,2019-01-29,0.0069999999999999,0.06068,0.948,0.0190399999999999,86.36,35.84
759,2019-01-30,0.0072799999999999,0.0690399999999999,1.264,0.0247999999999999,88.88,49.2
760,2019-01-31,0.0053599999999999,0.0387999999999999,0.6759999999999999,0.0256799999999999,91.32,44.24
761,2019-02-01,0.0058799999999999,0.0526,0.988,0.0251999999999999,54.64,28.32
762,2019-02-02,0.0054399999999999,0.0556,0.944,0.02268,75.96,50.16
763,2019-02-03,0.0044799999999999,0.0488799999999999,1.004,0.0303599999999999,70.32,56.08
764,2019-02-04,0.0053199999999999,0.0447599999999999,0.8640000000000001,0.03768,141.72,75.76
765,2019-02-05,0.0069199999999999,0.07372,1.284,0.0458799999999999,133.28,46.24
766,2019-02-06,0.0067999999999999,0.0701666666666666,1.328,0.03732,120.2,48.16
767,2019-02-07,0.0047599999999999,0.0268399999999999,0.7959999999999999,0.0367199999999999,137.56,88.16
768,2019-02-08,0.0049599999999999,0.0412799999999999,0.736,0.0295199999999999,44.2,25.4
769,2019-02-09,0.0054799999999999,0.02944,0.584,0.0321599999999999,47.68,24.04
770,2019-02-10,0.0057199999999999,0.03732,0.716,0.0259199999999999,53.96,32.0
771,2019-02-11,0.0059999999999999,0.0486,0.804,0.0354399999999999,52.52,33.6
772,2019-02-12,0.0072399999999999,0.0510799999999999,0.94,0.0388799999999999,83.12,58.12
773,2019-02-13,0.0061999999999999,0.05044,0.764,0.0356799999999999,55.96,30.64
774,2019-02-14,0.0082399999999999,0.06948,0.928,0.0251199999999999,74.36,42.0
775,2019-02-15,0.0066799999999999,0.05856,0.82,0.0292399999999999,55.56,38.44
776,2019-02-16,0.0061199999999999,0.0340799999999999,0.884,0.0402399999999999,73.92,60.84
777,2019-02-17,0.0068799999999999,0.0553599999999999,0.8240000000000001,0.03772,49.48,38.8
778,2019-02-18,0.0059999999999999,0.06296,1.124,0.0197999999999999,58.84,36.96
779,2019-02-19,0.0058399999999999,0.0572399999999999,0.8960000000000001,0.0243199999999999,59.36,51.48
780,2019-02-20,0.0057599999999999,0.0595999999999999,1.088,0.0368799999999999,95.24,78.2
781,2019-02-21,0.0070799999999999,0.06548,1.3119999999999998,0.0335599999999999,96.84,79.16
782,2019-02-22,0.0077999999999999,0.0730799999999999,1.368,0.0392799999999999,106.8,84.0
783,2019-02-23,0.0076799999999999,0.0745999999999999,1.376,0.0432399999999999,85.72,61.28
784,2019-02-24,0.0095199999999999,0.06932,1.304,0.0499199999999999,108.6,92.44
785,2019-02-25,0.0066399999999999,0.0563599999999999,0.992,0.0490799999999999,110.6,91.36
786,2019-02-26,0.0065999999999999,0.0645999999999999,0.984,0.0419199999999999,75.6,41.96
787,2019-02-27,0.01036,0.0721599999999999,1.012,0.0345999999999999,109.4,77.28
788,2019-02-28,0.0078799999999999,0.0759999999999999,1.212,0.0577599999999999,131.84,88.76
789,2019-03-01,0.0082799999999999,0.0725599999999999,1.248,0.0672799999999999,148.48,105.92
790,2019-03-02,0.0075999999999999,0.0851599999999999,1.44,0.0548799999999999,147.84,105.08
791,2019-03-03,0.0066799999999999,0.07872,1.32,0.0605599999999999,177.44,125.28
792,2019-03-04,0.0075599999999999,0.0747999999999999,1.4240000000000002,0.0599599999999999,218.64,158.44
793,2019-03-05,0.0074399999999999,0.05948,1.088,0.04964,221.12,162.04
794,2019-03-06,0.0078799999999999,0.07236,1.148,0.0507599999999999,191.0,134.6
795,2019-03-07,0.0050399999999999,0.0496399999999999,0.964,0.04832,107.56,80.68
796,2019-03-08,0.0067599999999999,0.0542399999999999,0.804,0.0461999999999999,67.44,39.6
797,2019-03-11,0.0047999999999999,0.05424,0.828,0.0083199999999999,77.4,49.28
798,2019-03-18,0.0111999999999999,0.0658,0.82,0.0303199999999999,66.56,39.56
799,2019-03-19,0.00988,0.07044,1.104,0.04396,111.68,69.64
800,2019-03-20,0.0062799999999999,0.0707599999999999,1.124,0.04344,132.2,97.04
801,2019-03-21,0.0039999999999999,0.04704,0.584,0.0505199999999999,54.84,44.88
802,2019-03-22,0.004,0.0256666666666666,0.44,0.0449166666666666,62.28,30.6
803,2019-03-23,0.0048333333333333,0.0490416666666666,0.624,0.0414583333333333,35.36,21.32
804,2019-03-24,0.0044399999999999,0.0394399999999999,0.62,0.0473199999999999,41.28,18.6
805,2019-03-25,0.0056399999999999,0.0499199999999999,0.688,0.0561599999999999,82.32,50.32
806,2019-03-26,0.0059199999999999,0.06992,0.7440000000000001,0.0521599999999999,88.2,52.04
807,2019-03-27,0.0072399999999999,0.0551199999999999,0.8079999999999999,0.0717199999999999,120.36,81.64
808,2019-03-28,0.0050799999999999,0.0447599999999999,0.6920000000000001,0.0504399999999999,142.76,91.28
809,2019-03-29,0.0050399999999999,0.0410799999999999,0.524,0.0531199999999999,56.32,29.0
810,2019-03-30,0.004,0.0336799999999999,0.508,0.0462799999999999,50.12,33.84
811,2019-03-31,0.0040399999999999,0.0222799999999999,0.556,0.0464799999999999,81.88,40.56
812,2019-04-01,0.0045999999999999,0.0409999999999999,0.524,0.0457599999999999,32.52,17.2
813,2019-04-02,0.0048799999999999,0.0519599999999999,0.716,0.0516799999999999,44.0,23.84
814,2019-04-03,0.0053199999999999,0.0552399999999999,0.728,0.0522799999999999,56.52,33.6
815,2019-04-04,0.0058799999999999,0.0484799999999999,0.6,0.0533999999999999,55.44,31.76
816,2019-04-05,0.0050799999999999,0.04656,0.56,0.0519599999999999,175.28,49.96
817,2019-04-06,0.0051599999999999,0.0644799999999999,0.74,0.0363599999999999,88.88,30.16
818,2019-04-07,0.0045599999999999,0.0385199999999999,0.612,0.0490399999999999,52.56,25.72
819,2019-04-08,0.0049199999999999,0.0541599999999999,0.584,0.0491999999999999,49.76,18.44
820,2019-04-09,0.0043999999999999,0.0525999999999999,0.5720000000000001,0.0395999999999999,40.32,16.96
821,2019-04-10,0.0036399999999999,0.0395999999999999,0.524,0.0435599999999999,15.08,10.2
822,2019-04-11,0.0047999999999999,0.0487999999999999,0.772,0.0538799999999999,43.48,28.04
823,2019-04-12,0.0055599999999999,0.0568399999999999,0.752,0.0599599999999999,67.4,44.52
824,2019-04-13,0.0065599999999999,0.0623199999999999,0.748,0.06204,70.56,49.0
825,2019-04-14,0.0050799999999999,0.0448399999999999,0.552,0.0554799999999999,83.68,34.48
826,2019-04-15,0.0059599999999999,0.0636399999999999,0.78,0.0517999999999999,68.88,29.96
827,2019-04-16,0.0064799999999999,0.06744,0.84,0.0528799999999999,69.56,34.44
828,2019-04-17,0.0077599999999999,0.06576,0.8160000000000001,0.0612399999999999,58.12,27.8
829,2019-04-18,0.0057999999999999,0.0470399999999999,0.608,0.0445199999999999,71.4,41.36
830,2019-04-19,0.0042799999999999,0.0411999999999999,0.596,0.0466399999999999,64.12,39.08
831,2019-04-20,0.0043599999999999,0.03968,0.512,0.0579599999999999,68.36,38.64
832,2019-04-21,0.0043999999999999,0.0354399999999999,0.524,0.0475999999999999,62.6,45.92
833,2019-04-22,0.00536,0.07296,0.8079999999999999,0.06964,174.8,58.48
834,2019-04-23,0.0062799999999999,0.07012,0.94,0.0619999999999999,163.2,59.0
835,2019-04-24,0.0049599999999999,0.04452,0.7120000000000001,0.0704399999999999,81.12,60.16
836,2019-04-25,0.0045199999999999,0.0425599999999999,0.588,0.0346799999999999,61.24,33.04
837,2019-04-26,0.0035599999999999,0.0303199999999999,0.432,0.0352399999999999,20.72,15.96
838,2019-04-27,0.0041599999999999,0.0359199999999999,0.532,0.0509599999999999,26.92,17.04
839,2019-04-28,0.0049999999999999,0.0408399999999999,0.488,0.0584399999999999,28.44,19.44
840,2019-04-29,0.0041999999999999,0.0567999999999999,0.78,0.04244,38.28,26.32
841,2019-04-30,0.0044399999999999,0.0535599999999999,0.804,0.07096,49.4,29.8
842,2019-05-01,0.0049999999999999,0.0435999999999999,0.612,0.06272,120.24,42.92
843,2019-05-02,0.0052399999999999,0.0444799999999999,0.596,0.0509599999999999,91.32,25.28
844,2019-05-03,0.0080399999999999,0.0575599999999999,0.88,0.0826399999999999,105.72,64.2
845,2019-05-04,0.0076399999999999,0.06684,0.904,0.0914399999999999,116.16,78.04
846,2019-05-05,0.0065199999999999,0.06304,0.8320000000000001,0.0825999999999999,95.48,67.84
847,2019-05-06,0.0049599999999999,0.0257999999999999,0.4039999999999999,0.0497599999999999,54.32,16.28
848,2019-05-07,0.0053599999999999,0.0435999999999999,0.552,0.0628799999999999,66.56,26.56
849,2019-05-08,0.0061999999999999,0.0403999999999999,0.612,0.07252,78.16,39.48
850,2019-05-09,0.0057999999999999,0.04172,0.596,0.0601199999999999,68.64,39.04
851,2019-05-10,0.0064399999999999,0.0560799999999999,0.66,0.0911599999999999,104.36,55.6
852,2019-05-11,0.0071599999999999,0.06428,0.7440000000000001,0.07664,98.84,53.24
853,2019-05-12,0.0078399999999999,0.0599999999999999,0.8240000000000001,0.1045999999999999,88.32,60.4
854,2019-05-13,0.0073199999999999,0.0667599999999999,0.768,0.0589999999999999,88.32,51.28
855,2019-05-14,0.0091599999999999,0.0511999999999999,0.56,0.0866,65.32,48.92
856,2019-05-15,0.0057599999999999,0.0533999999999999,0.6759999999999999,0.0578399999999999,84.72,55.96
857,2019-05-16,0.0052799999999999,0.0526399999999999,0.772,0.0787199999999999,102.04,67.12
858,2019-05-17,0.0054799999999999,0.0737999999999999,0.708,0.0742799999999999,86.04,57.24
859,2019-05-18,0.0060799999999999,0.03816,0.556,0.0499199999999999,69.68,52.88
860,2019-05-19,0.0037199999999999,0.0245199999999999,0.456,0.0382399999999999,26.08333333333333,21.48
861,2019-05-20,0.0051599999999999,0.0261199999999999,0.484,0.0421999999999999,77.84,21.56
862,2019-05-21,0.0062399999999999,0.0287599999999999,0.5760000000000001,0.0794,80.72,36.48
863,2019-05-22,0.0065599999999999,0.0388399999999999,0.648,0.06952,72.32,39.36
864,2019-05-23,0.0088,0.0635999999999999,0.852,0.1083599999999999,97.96,58.92
865,2019-05-24,0.0097999999999999,0.06164,0.868,0.1536799999999999,127.36,80.08
866,2019-05-25,0.0077199999999999,0.0460799999999999,0.904,0.07688,139.6,97.12
867,2019-05-26,0.0058799999999999,0.0461199999999999,0.68,0.0846,52.0,30.4
868,2019-05-27,0.00524,0.0282799999999999,0.524,0.0477999999999999,42.92,26.6
869,2019-05-28,0.0044799999999999,0.0295999999999999,0.4639999999999999,0.0535999999999999,40.16,17.76
870,2019-05-29,0.0064399999999999,0.04752,0.688,0.08032,64.52,37.16
871,2019-05-30,0.0066799999999999,0.0513999999999999,0.604,0.07624,62.28,37.48
872,2019-05-31,0.0051599999999999,0.0250799999999999,0.396,0.0606399999999999,30.72,16.68
873,2019-06-01,0.0057999999999999,0.0373599999999999,0.528,0.0746,50.92,37.08
874,2019-06-02,0.0057999999999999,0.0388799999999999,0.62,0.0976399999999999,59.68,37.64
875,2019-06-03,0.0062399999999999,0.0509199999999999,0.664,0.08428,59.64,34.6
876,2019-06-04,0.0068399999999999,0.0425999999999999,0.652,0.0528399999999999,40.44,28.12
877,2019-06-05,0.0055199999999999,0.0544,0.688,0.0698799999999999,89.28,60.68
878,2019-06-06,0.0049999999999999,0.0569999999999999,0.784,0.0515199999999999,93.36,61.8
879,2019-06-07,0.0038799999999999,0.0256399999999999,0.452,0.0579599999999999,26.72,20.2
880,2019-06-08,0.0059199999999999,0.0416399999999999,0.6,0.0735199999999999,47.48,29.92
881,2019-06-09,0.0060799999999999,0.0370799999999999,0.628,0.07596,57.08,45.88
882,2019-06-10,0.0035999999999999,0.0233199999999999,0.384,0.0357199999999999,16.04,10.32
883,2019-06-11,0.0039199999999999,0.0327199999999999,0.412,0.0555999999999999,23.76,14.12
884,2019-06-12,0.00548,0.0402799999999999,0.532,0.0632799999999999,55.32,34.8
885,2019-06-13,0.0055599999999999,0.0417599999999999,0.528,0.07044,45.24,29.2
886,2019-06-14,0.00416,0.0386799999999999,0.456,0.06792,47.08,32.72
887,2019-06-15,0.0038,0.0232799999999999,0.448,0.0549999999999999,47.52,29.08
888,2019-06-16,0.0041599999999999,0.0292,0.42,0.0690799999999999,24.92,17.44
889,2019-06-17,0.0069999999999999,0.0299199999999999,0.4639999999999999,0.0601599999999999,34.08,23.52
890,2019-06-18,0.0056399999999999,0.0359599999999999,0.552,0.0490799999999999,49.36,35.48
891,2019-06-19,0.0039199999999999,0.0277599999999999,0.4639999999999999,0.0623599999999999,42.76,32.8
892,2019-06-20,0.0036799999999999,0.0274399999999999,0.44,0.07444,39.52,29.08
893,2019-06-21,0.0038799999999999,0.0327599999999999,0.492,0.0528799999999999,42.28,28.8
894,2019-06-22,0.00356,0.0205599999999999,0.356,0.0595599999999999,19.0,11.36
895,2019-06-23,0.0036399999999999,0.0233599999999999,0.364,0.0559199999999999,20.28,12.64
896,2019-06-24,0.0057599999999999,0.0349199999999999,0.44,0.0859599999999999,43.04,27.36
897,2019-06-25,0.0053999999999999,0.0399999999999999,0.484,0.10452,51.24,33.92
898,2019-06-26,0.0047599999999999,0.0457999999999999,0.556,0.0730399999999999,50.16,34.96
899,2019-06-27,0.0043599999999999,0.0351199999999999,0.5,0.0704,44.04,33.96
900,2019-06-28,0.0057999999999999,0.04096,0.632,0.0621999999999999,61.32,49.8
901,2019-06-29,0.0044799999999999,0.03464,0.512,0.04776,35.44,28.4
902,2019-06-30,0.00416,0.02468,0.496,0.0544799999999999,46.16,38.44
903,2019-07-01,0.0044799999999999,0.0289199999999999,0.5920000000000001,0.06896,48.08,39.08
904,2019-07-02,0.0042399999999999,0.0268799999999999,0.516,0.0716,38.28,29.32
905,2019-07-03,0.0045199999999999,0.0291999999999999,0.5,0.0514799999999999,40.88,31.16
906,2019-07-04,0.0044,0.0356399999999999,0.48,0.0758399999999999,42.56,26.36
907,2019-07-05,0.0049999999999999,0.04736,0.5760000000000001,0.1239599999999999,65.16,43.36
908,2019-07-06,0.00476,0.0447199999999999,0.556,0.06952,37.2,26.24
909,2019-07-07,0.0034,0.0111999999999999,0.34,0.0492399999999999,24.84,18.041666666666668
910,2019-07-08,0.00348,0.0168799999999999,0.344,0.0421999999999999,15.16,9.04
911,2019-07-09,0.0035199999999999,0.0179999999999999,0.34,0.0438,15.92,9.8
912,2019-07-10,0.0035999999999999,0.01812,0.352,0.0373599999999999,15.48,9.08
913,2019-07-11,0.00344,0.0179599999999999,0.36,0.0279599999999999,13.04,6.24
914,2019-07-12,0.0044583333333333,0.0257499999999999,0.4375,0.0445833333333333,24.125,17.833333333333332
915,2019-07-13,0.0060833333333333,0.0264999999999999,0.6749999999999999,0.0687083333333333,41.833333333333336,35.75
916,2019-07-14,0.0049583333333333,0.0245416666666666,0.6583333333333333,0.08975,55.583333333333336,49.41666666666666
917,2019-07-15,0.0042916666666666,0.0457916666666666,0.6583333333333333,0.0500416666666666,61.375,51.0
918,2019-07-16,0.0051599999999999,0.0363599999999999,0.5920000000000001,0.06348,52.2,43.24
919,2019-07-17,0.0053199999999999,0.0392799999999999,0.684,0.07624,83.04166666666667,67.28
920,2019-07-18,0.0064399999999999,0.0414399999999999,0.7440000000000001,0.1126799999999999,85.88,69.08
921,2019-07-19,0.0057599999999999,0.0333599999999999,0.7120000000000001,0.06852,62.24,47.56
922,2019-07-20,0.0035199999999999,0.0139199999999999,0.336,0.0204399999999999,14.4,7.96
923,2019-07-21,0.0042799999999999,0.0141199999999999,0.492,0.03888,35.76,27.96
924,2019-07-22,0.0058799999999999,0.0319599999999999,0.532,0.07016,60.28,46.24
925,2019-07-23,0.0055999999999999,0.0276399999999999,0.496,0.05164,40.28,26.44
926,2019-07-24,0.00412,0.0323599999999999,0.472,0.0199999999999999,38.48,25.4
927,2019-07-25,0.0038399999999999,0.0337199999999999,0.588,0.0320399999999999,39.68,29.88
928,2019-07-26,0.0039599999999999,0.0418399999999999,0.608,0.0363999999999999,37.24,28.32
929,2019-07-27,0.0041599999999999,0.0323999999999999,0.5760000000000001,0.06384,30.64,22.96
930,2019-07-28,0.0036799999999999,0.0180399999999999,0.424,0.0310799999999999,20.32,13.958333333333334
931,2019-07-29,0.0041599999999999,0.0163199999999999,0.3833333333333333,0.0192399999999999,20.28,12.68
932,2019-07-30,0.0042,0.0177199999999999,0.444,0.0273199999999999,29.32,17.0
933,2019-07-31,0.00412,0.0378399999999999,0.544,0.0257999999999999,28.88,16.48
934,2019-08-01,0.0041199999999999,0.0235199999999999,0.436,0.0299199999999999,23.44,15.04
935,2019-08-02,0.004,0.0277199999999999,0.416,0.0600799999999999,26.28,17.48
936,2019-08-03,0.0038799999999999,0.0390799999999999,0.532,0.0781999999999999,32.16,23.6
937,2019-08-04,0.0043999999999999,0.0445599999999999,0.604,0.1001199999999999,47.6,36.4
938,2019-08-05,0.0043199999999999,0.0391999999999999,0.636,0.0816,49.2,35.72
939,2019-08-06,0.0045999999999999,0.0273999999999999,0.4479999999999999,0.0612799999999999,37.92,28.92
940,2019-08-07,0.0052399999999999,0.0409199999999999,0.58,0.03164,45.04,31.48
941,2019-08-08,0.0050799999999999,0.0315199999999999,0.5720000000000001,0.0563199999999999,57.16,45.96
942,2019-08-09,0.0052399999999999,0.0328799999999999,0.46,0.0558399999999999,38.16,26.56
943,2019-08-10,0.0045199999999999,0.0241599999999999,0.412,0.0575999999999999,32.08,20.16
944,2019-08-11,0.0040799999999999,0.0131199999999999,0.308,0.0353999999999999,24.84,15.2
945,2019-08-12,0.0041599999999999,0.0302399999999999,0.456,0.02064,25.84,19.56
946,2019-08-13,0.0045199999999999,0.0346399999999999,0.5479999999999999,0.06564,44.32,30.48
947,2019-08-14,0.0043599999999999,0.0303199999999999,0.564,0.0426799999999999,33.32,23.24
948,2019-08-15,0.0041599999999999,0.0169199999999999,0.392,0.0180399999999999,14.16,8.24
949,2019-08-16,0.0048799999999999,0.0234399999999999,0.7,0.06004,41.24,27.16
950,2019-08-17,0.0052799999999999,0.02032,0.568,0.0695199999999999,40.52,26.44
951,2019-08-18,0.0049599999999999,0.0223599999999999,0.596,0.07296,33.166666666666664,20.52
952,2019-08-19,0.0043199999999999,0.0353999999999999,0.556,0.07528,36.76,22.04
953,2019-08-20,0.0042799999999999,0.0366399999999999,0.54,0.0723199999999999,38.64,26.52
954,2019-08-21,0.0050799999999999,0.0373199999999999,0.5760000000000001,0.06408,53.92,37.96
955,2019-08-22,0.0044799999999999,0.0321199999999999,0.736,0.0687199999999999,53.16,36.56
956,2019-08-23,0.0047599999999999,0.0287599999999999,0.648,0.0589599999999999,43.48,26.76
957,2019-08-24,0.0057599999999999,0.0378399999999999,0.5720000000000001,0.0453199999999999,38.08,18.12
958,2019-08-25,0.0052399999999999,0.0270399999999999,0.528,0.0692399999999999,30.041666666666668,18.88
959,2019-08-26,0.0046399999999999,0.0359599999999999,0.584,0.07428,42.72,27.08
960,2019-08-27,0.00448,0.0399599999999999,0.56,0.06784,40.08,26.8
961,2019-08-28,0.0051999999999999,0.0322799999999999,0.5720000000000001,0.0727999999999999,42.76,26.4
962,2019-08-29,0.0047199999999999,0.0345199999999999,0.632,0.05304,41.56,28.6
963,2019-08-30,0.0043199999999999,0.0314799999999999,0.52,0.04616,29.36,14.56
964,2019-08-31,0.0044583333333333,0.0322499999999999,0.5,0.0552499999999999,27.73913043478261,15.347826086956522
965,2019-09-01,0.0044999999999999,0.0367916666666666,0.5625,0.0607083333333333,29.52173913043478,17.91304347826087
966,2019-09-02,0.0049583333333333,0.0472083333333333,0.5958333333333333,0.065625,37.52173913043478,19.26086956521739
967,2019-09-03,0.0039999999999999,0.0418260869565217,0.5391304347826087,0.0404782608695652,34.26086956521739,20.39130434782609
968,2019-09-04,0.0038260869565217,0.0324782608695652,0.5260869565217391,0.0323478260869565,18.0,9.956521739130435
969,2019-09-05,0.0038695652173913,0.0287826086956521,0.4608695652173913,0.0164782608695652,17.73913043478261,12.0
970,2019-09-06,0.0042173913043478,0.0328695652173912,0.5565217391304348,0.0302608695652173,27.82608695652174,17.130434782608695
971,2019-09-09,0.0043478260869565,0.0388260869565217,0.773913043478261,0.0365652173913043,54.41666666666666,36.083333333333336
972,2019-09-10,0.0037826086956521,0.0400869565217391,0.5869565217391305,0.0546521739130434,27.166666666666668,21.375
973,2019-09-11,0.0034347826086956,0.021391304347826,0.5173913043478261,0.0529999999999999,26.041666666666668,19.33333333333333
974,2019-09-12,0.003391304347826,0.0242173913043478,0.4217391304347825,0.0309999999999999,20.45833333333333,9.166666666666666
975,2019-09-13,0.0038260869565217,0.038695652173913,0.5,0.0546521739130434,24.916666666666668,13.416666666666666
976,2019-09-14,0.0048695652173912,0.0363478260869565,0.6130434782608696,0.0345652173913043,32.583333333333336,21.45833333333333
977,2019-09-15,0.0037826086956521,0.022391304347826,0.6,0.0528695652173912,27.5,19.666666666666668
978,2019-09-16,0.0039999999999999,0.0314347826086956,0.5130434782608696,0.0479999999999999,23.291666666666668,10.833333333333334
979,2019-09-17,0.0039999999999999,0.0354285714285714,0.4809523809523809,0.058047619047619,31.17391304347826,15.869565217391305
980,2019-09-18,0.0043181818181818,0.0275454545454545,0.4863636363636363,0.0480454545454545,45.17391304347826,17.26086956521739
981,2019-09-19,0.0039545454545454,0.0297272727272726,0.4545454545454545,0.0623636363636363,38.47826086956522,16.217391304347824
982,2019-09-20,0.004090909090909,0.0314090909090908,0.4909090909090909,0.0279999999999999,32.95652173913044,13.608695652173912
983,2019-09-21,0.003578947368421,0.0322631578947368,0.4947368421052632,0.0271578947368421,25.0,11.85
984,2019-09-22,0.0030526315789473,0.0208947368421052,0.3894736842105263,0.0436842105263157,13.05,7.7
985,2019-09-23,0.0042499999999999,0.0361499999999999,0.495,0.0477499999999999,24.714285714285715,11.571428571428571
986,2019-09-24,0.0090499999999999,0.0421,0.595,0.0657499999999999,36.04761904761905,18.38095238095238
987,2019-09-25,0.0057499999999999,0.0559999999999999,0.69,0.0545999999999999,52.095238095238095,29.61904761904762
988,2019-09-26,0.00415,0.0503999999999999,0.675,0.0468499999999999,39.523809523809526,23.428571428571427
989,2019-09-27,0.0043999999999999,0.0464999999999999,0.625,0.0332499999999999,33.42857142857143,17.476190476190474
990,2019-09-28,0.0050499999999999,0.0421999999999999,0.5900000000000001,0.0580499999999999,42.23809523809524,28.428571428571427
991,2019-09-29,0.0047499999999999,0.0413499999999999,0.635,0.0765999999999999,49.47619047619048,32.23809523809524
992,2019-09-30,0.00455,0.0616,0.825,0.0785999999999999,92.33333333333331,56.66666666666666
993,2019-10-01,0.0051428571428571,0.0528095238095238,0.7523809523809524,0.0517142857142857,70.52380952380952,45.333333333333336
994,2019-10-02,0.0043333333333333,0.0321428571428571,0.5761904761904761,0.016095238095238,40.85714285714285,29.047619047619047
995,2019-10-03,0.0036666666666666,0.0305714285714285,0.5285714285714286,0.0322380952380952,18.952380952380956,11.61904761904762
996,2019-10-04,0.0057272727272727,0.0356818181818181,0.7863636363636364,0.0510454545454545,79.0,53.57142857142857
997,2019-10-05,0.004590909090909,0.0224545454545454,0.6272727272727272,0.0411818181818181,66.52380952380952,43.285714285714285
998,2019-10-06,0.0031818181818181,0.0221818181818181,0.3636363636363636,0.0383181818181818,17.80952380952381,9.666666666666666
999,2019-10-07,0.0031304347826086,0.0305217391304347,0.4909090909090909,0.0253636363636363,18.857142857142858,9.227272727272728
1000,2019-10-08,0.0039999999999999,0.0414090909090909,0.6454545454545454,0.0406818181818181,37.71428571428572,18.428571428571427
1001,2019-10-09,0.0048636363636363,0.0439999999999999,0.6363636363636364,0.0429090909090909,34.76190476190476,16.571428571428573
1002,2019-10-10,0.0042272727272727,0.0489999999999999,0.7136363636363636,0.0278181818181818,43.19047619047619,21.61904761904762
1003,2019-10-11,0.0041363636363636,0.0407727272727272,0.7318181818181819,0.049090909090909,52.19047619047619,26.047619047619047
1004,2019-10-12,0.0031818181818181,0.0256818181818181,0.4227272727272728,0.0416818181818181,31.571428571428573,16.38095238095238
1005,2019-10-13,0.003590909090909,0.0411363636363636,0.5727272727272728,0.0408181818181818,29.80952380952381,16.857142857142858
1006,2019-10-14,0.0035454545454545,0.0358636363636363,0.6090909090909091,0.0403181818181818,50.42857142857143,24.571428571428573
1007,2019-10-15,0.0037272727272727,0.0443181818181818,0.6045454545454545,0.0359545454545454,40.142857142857146,15.142857142857142
1008,2019-10-16,0.0041363636363636,0.046590909090909,0.6318181818181818,0.0484999999999999,39.85714285714285,21.09523809523809
1009,2019-10-17,0.0041818181818181,0.0508636363636363,0.7681818181818181,0.0424090909090909,40.095238095238095,23.476190476190474
1010,2019-10-18,0.0041818181818181,0.0417272727272727,0.6272727272727272,0.0361818181818181,28.61904761904762,15.857142857142858
1011,2019-10-19,0.0043636363636363,0.0399545454545454,0.6272727272727273,0.0472727272727272,37.71428571428572,21.904761904761905
1012,2019-10-20,0.0045454545454545,0.0479545454545454,0.75,0.0498636363636363,53.333333333333336,34.142857142857146
1013,2019-10-21,0.0051304347826086,0.0661739130434782,1.0043478260869565,0.0498695652173913,62.85714285714285,39.523809523809526
1014,2019-10-22,0.0048695652173913,0.0635652173913043,0.9391304347826088,0.0465652173913043,57.56521739130435,38.04347826086956
1015,2019-10-23,0.0045217391304347,0.0478695652173913,0.7086956521739131,0.0361304347826086,38.34782608695652,25.08695652173913
1016,2019-10-24,0.0037199999999999,0.0425199999999999,0.588,0.0467599999999999,40.2,20.64
1017,2019-10-25,0.0038399999999999,0.03752,0.536,0.0453199999999999,38.16,20.12
1018,2019-10-26,0.00336,0.0341599999999999,0.52,0.0310799999999999,29.92,18.56
1019,2019-10-27,0.0042799999999999,0.0473199999999999,0.68,0.0410799999999999,33.12,20.12
1020,2019-10-28,0.0046399999999999,0.04508,0.7040000000000001,0.0451199999999999,44.72,25.8
1021,2019-10-29,0.0037199999999999,0.0379999999999999,0.7120000000000001,0.0367999999999999,164.08,29.76
1022,2019-10-30,0.0043199999999999,0.0495999999999999,0.72,0.0335599999999999,39.68,18.32
1023,2019-10-31,0.0050399999999999,0.0471199999999999,0.768,0.0561599999999999,180.12,50.08
1024,2019-11-01,0.0052399999999999,0.06216,1.016,0.0464799999999999,167.08,53.36
1025,2019-11-02,0.0083599999999999,0.0773199999999999,1.012,0.0396799999999999,107.6,60.12
1026,2019-11-03,0.0049199999999999,0.05184,0.888,0.0447999999999999,94.72,59.44
1027,2019-11-04,0.00384,0.0501199999999999,0.66,0.0288399999999999,31.84,16.88
1028,2019-11-05,0.0048,0.0577599999999999,0.8440000000000001,0.0432799999999999,50.88,30.48
1029,2019-11-06,0.0062799999999999,0.0562799999999999,0.852,0.0300799999999999,69.16,44.88
1030,2019-11-07,0.0042799999999999,0.0440399999999999,0.688,0.0411199999999999,69.76,32.12
1031,2019-11-08,0.0047999999999999,0.0555999999999999,0.86,0.0341599999999999,62.48,26.16
1032,2019-11-09,0.00584,0.0603999999999999,1.052,0.0341199999999999,64.56,34.48
1033,2019-11-10,0.00464,0.0562399999999999,0.984,0.0321199999999999,55.66666666666666,35.8
1034,2019-11-11,0.0037999999999999,0.0444399999999999,0.7120000000000001,0.04172,39.96,20.24
1035,2019-11-12,0.0050399999999999,0.0607599999999999,1.152,0.0131599999999999,57.52,32.92
1036,2019-11-13,0.0045599999999999,0.0521199999999999,1.0759999999999998,0.0254399999999999,58.68,33.72
1037,2019-11-14,0.0036799999999999,0.0445999999999999,0.592,0.0309599999999999,31.16,13.52
1038,2019-11-15,0.0036,0.04672,0.836,0.0171599999999999,32.56,21.44
1039,2019-11-16,0.0042799999999999,0.0566399999999999,1.288,0.0140799999999999,57.25,36.24
1040,2019-11-17,0.00388,0.0466799999999999,1.0,0.0223599999999999,42.333333333333336,25.0
1041,2019-11-18,0.00336,0.0303199999999999,0.628,0.0385999999999999,220.44,25.24
1042,2019-11-19,0.0039199999999999,0.0291999999999999,0.488,0.0305999999999999,40.4,11.92
1043,2019-11-20,0.0051599999999999,0.0521999999999999,0.8959999999999999,0.0255199999999999,36.04,18.36
1044,2019-11-21,0.0049999999999999,0.0539999999999999,0.988,0.0130799999999999,53.0,25.2
1045,2019-11-22,0.0062799999999999,0.0745199999999999,1.52,0.0263599999999999,66.8,34.0
1046,2019-11-23,0.0057199999999999,0.06532,1.408,0.0188799999999999,53.36,30.24
1047,2019-11-24,0.0053199999999999,0.0583999999999999,1.208,0.0258399999999999,53.12,33.24
1048,2019-11-25,0.00408,0.0405999999999999,0.8240000000000001,0.0277999999999999,41.08,25.36
1049,2019-11-26,0.0045199999999999,0.0477199999999999,0.904,0.0192799999999999,42.6,25.56
1050,2019-11-27,0.0049999999999999,0.0366799999999999,0.716,0.0253199999999999,52.52,28.68
1051,2019-11-28,0.0048799999999999,0.0427999999999999,0.8079999999999999,0.0209999999999999,55.4,29.32
1052,2019-11-29,0.0056799999999999,0.0555999999999999,0.884,0.0267599999999999,64.0,33.04
1053,2019-11-30,0.0072399999999999,0.06396,0.96,0.0151599999999999,74.04,46.24
1054,2019-12-01,0.0044,0.0516399999999999,0.8560000000000001,0.0132799999999999,56.76,43.2
1055,2019-12-02,0.0044,0.0298399999999999,0.4679999999999999,0.0305199999999999,32.4,19.28
1056,2019-12-03,0.00456,0.0510799999999999,0.74,0.0205199999999999,45.56,29.44
1057,2019-12-04,0.0050799999999999,0.0503599999999999,0.7240000000000001,0.0236,43.2,23.32
1058,2019-12-05,0.0046799999999999,0.0261999999999999,0.504,0.0312799999999999,35.24,20.4
1059,2019-12-06,0.00456,0.0489999999999999,0.76,0.0222799999999999,42.56,22.8
1060,2019-12-07,0.0049583333333333,0.0624166666666666,1.2666666666666666,0.0058749999999999,68.58333333333333,49.75
1061,2019-12-08,0.004625,0.0641666666666666,1.2333333333333334,0.0172499999999999,74.41666666666667,56.625
1062,2019-12-09,0.0047599999999999,0.06156,1.084,0.0151199999999999,76.24,54.64
1063,2019-12-10,0.0059199999999999,0.0757999999999999,1.524,0.0273199999999999,156.2,114.44
1064,2019-12-11,0.0047916666666666,0.05975,1.2708333333333333,0.0366666666666666,173.08,122.28
1065,2019-12-12,0.0040416666666666,0.0454166666666666,0.6833333333333332,0.0237916666666666,29.32,20.32
1066,2019-12-13,0.0050434782608695,0.0509999999999999,0.8217391304347825,0.0117826086956521,42.333333333333336,24.375
1067,2019-12-14,0.0049999999999999,0.0442499999999999,0.8833333333333333,0.0242916666666666,86.2,60.88
1068,2019-12-15,0.0048749999999999,0.0606249999999999,1.2208333333333334,0.0205833333333333,50.04,35.24
1069,2019-12-16,0.0050399999999999,0.06152,1.3119999999999998,0.0115999999999999,51.4,31.92
1070,2019-12-17,0.0041599999999999,0.0519599999999999,0.872,0.0214,41.68,31.2
1071,2019-12-18,0.004,0.03888,0.6839999999999999,0.0209999999999999,48.44,32.88
1072,2019-12-19,0.00444,0.0444399999999999,0.716,0.0261199999999999,37.96,27.12
1073,2019-12-20,0.0047599999999999,0.0422799999999999,0.7440000000000001,0.0253199999999999,44.36,36.44
1074,2019-12-21,0.0049999999999999,0.0515199999999999,0.94,0.0094399999999999,48.8,37.52
1075,2019-12-22,0.0051199999999999,0.0566399999999999,1.0,0.0287199999999999,73.0,54.2
1076,2019-12-23,0.00384,0.0485199999999999,0.964,0.0257599999999999,65.68,53.44
1077,2019-12-24,0.00456,0.06048,1.224,0.0187199999999999,86.92,65.68
1078,2019-12-25,0.0044,0.0606399999999999,1.268,0.0149599999999999,72.48,52.72
1079,2019-12-26,0.0046799999999999,0.0513599999999999,0.952,0.0273999999999999,81.96,59.52
1080,2019-12-27,0.0044399999999999,0.0541599999999999,0.828,0.0295999999999999,49.44,34.4
1081,2019-12-28,0.0046399999999999,0.0554399999999999,0.924,0.0170399999999999,57.0,34.68
1082,2019-12-29,0.00392,0.04984,0.836,0.0172399999999999,53.68,32.64
1083,2019-12-30,0.00392,0.0500399999999999,0.936,0.0266,60.8,43.56
1084,2019-12-31,0.0035199999999999,0.0373999999999999,0.552,0.0278399999999999,42.2,24.72
